sector,week_52_low,pc,symbol,bse_price,pb,nse_price,week_52_high,pe,book_value,industry_pe
INFRASTRUCTURE - GENERAL,169.15,13.42,ADANIPORTS,268.30,,268.70,331.00,18.14,63.84,23.62
HOTELS,42.45,-,ADVANIHOTR,54.95,,54.55,67.85,-,,48.66
TRANSPORT & LOGISTICS,,12.37,AGARIND,239.90,,,,22.53,88.84,30.37
PHARMACEUTICALS,896.00,-,ADVENZYMES,1788.20,,1792.30,,-,,-
RETAIL,122.90,-,ABFRL,142.50,,142.15,263.45,-,,85.35
ENGINEERING - HEAVY,32.05,-,ACE,44.65,,44.50,50.90,-,20.01,25.50
CONSTRUCTION & CONTRACTING - CIVIL,209.50,-,AHLUCONT,305.15,,309.85,337.80,-,62.88,26.47
FINANCE - INVESTMENTS,1256.65,33.15,8KMILES,2083.10,,2084.55,2550.00,46.12,179.14,18.27
CASTINGS & FORGINGS,236.70,9.13,ALICON,366.00,,363.70,394.10,19.96,116.71,20.47
STEEL - GP & GC SHEETS,107.10,11.37,AJMERA,146.05,,145.10,192.35,12.02,126.61,26.47
TEXTILES - READYMADE APPARELS,215.65,-,AIFL,354.00,,357.75,389.70,-,,36.43
EDIBLE OILS & SOLVENT EXTRACTION,22.65,-,ANIKINDS,29.85,,29.40,36.80,-,,16.77
RUBBER,10.00,,ANANDAMRUB,,,17.00,38.20,,,
FINANCE - INVESTMENTS,8.30,,ALMONDZ,12.63,,12.15,16.10,,,
CHEMICALS,279.00,-,ALKYLAMINE,312.65,,314.40,394.00,-,102.09,33.24
CEMENT - MAJOR,5.25,-,ANDHRACEMT,8.00,,7.95,11.00,-,,55.34
HOSPITALS & MEDICAL SERVICES,1213.00,-,APOLLOHOSP,1346.00,,1357.15,1544.90,-,248.24,57.68
CONSTRUCTION & CONTRACTING - HOUSING,18.00,-,ANSALHSG,24.00,,23.95,32.25,-,73.86,26.47
CONSTRUCTION & CONTRACTING - CIVIL,27.00,-,ARSSINFRA,83.55,,83.60,113.90,-,282.15,26.47
CONSTRUCTION & CONTRACTING - HOUSING,30.50,-,ARIHANT,45.00,,45.35,60.25,-,160.42,26.47
PAINTS & VARNISHES,784.25,53.18,ASIANPAINT,1184.90,,1192.55,1213.90,61.49,58.44,55.24
PLANTATIONS - TEA & COFFEE,2.90,-,ASSAMCO,5.73,,5.70,8.15,-,3.49,21.07
AUTO ANCILLARIES,31.40,-,ASAL,62.60,,62.40,71.25,-,,25.42
TELECOMMUNICATIONS - EQUIPMENT,101.55,-,ASTRAMICRO,114.90,,114.90,155.40,-,46.10,24.53
INFRASTRUCTURE - GENERAL,,-,ARVINFRA,80.45,,81.65,,-,,48.24
CONSTRUCTION & CONTRACTING - CIVIL,111.30,10.58,ASHOKA,173.90,,173.40,212.05,55.74,99.85,26.47
EDIBLE OILS & SOLVENT EXTRACTION,444.40,-,ATFL,508.10,,509.30,657.00,-,138.38,16.77
MISCELLANEOUS,161.90,-,ATLASCYCLE,299.75,,302.40,,-,277.04,15.24
MEDIA & ENTERTAINMENT,2.35,6.58,BAGFILMS,4.80,,4.80,7.30,-,5.53,41.34
CONSTRUCTION & CONTRACTING - CIVIL,25.40,-,ATLANTA,75.15,,75.30,,-,83.98,48.24
COMPUTERS - SOFTWARE MEDIUM & SMALL,186.00,16.02,AXISCADES,219.05,,218.90,368.80,22.06,57.99,20.73
PHARMACEUTICALS,919.55,-,ASTRAZEN,931.55,,926.95,1350.00,-,,29.05
SUGAR,12.00,-,BAJAJHIND,16.70,,16.70,24.20,-,17.48,25.72
TEXTILES - PROCESSING,72.15,-,AYMSYNTEX,85.45,,85.45,163.15,-,,13.29
DOMESTIC APPLIANCES,155.00,-,BAJAJELEC,259.20,,259.10,282.00,-,74.29,49.94
FINANCE - INVESTMENTS,1551.25,25.61,BAJAJFINSV,3205.40,,3199.85,3424.80,26.38,854.15,30.29
FINANCE - INVESTMENTS,1310.00,9.88,BAJAJHLDNG,1974.25,,1991.70,,9.91,1374.14,30.29
PERSONAL CARE,356.05,-,BAJAJCORP,399.90,,394.20,473.10,-,32.60,52.07
FINANCE - LEASING & HIRE PURCHASE,491.30,-,BAJFINANCE,1084.15,,1083.75,1183.90,-,135.97,30.29
MEDIA & ENTERTAINMENT,83.30,66.02,BALAJITELE,93.75,,94.60,149.90,520.83,68.97,41.34
TYRES,549.05,-,BALKRISIND,1094.45,,1096.65,,-,288.43,11.67
MISCELLANEOUS,26.80,-,BALKRISHNA,75.00,,75.30,89.00,-,,16.87
CHEMICALS,114.00,-,BALAMINES,312.00,,311.55,328.80,-,86.48,33.24
PACKAGING,490.75,-,BALMLAWRIE,697.00,,694.60,747.20,-,409.70,16.44
PAPER,11.75,8.74,BALLARPUR,13.89,,13.90,21.80,-,21.99,16.87
PHARMACEUTICALS,72.40,20.69,BALPHARMA,121.25,,121.55,167.90,133.24,38.23,29.05
SUGAR,53.85,-,BALRAMCHIN,108.90,,109.00,138.00,-,50.12,25.72
MISCELLANEOUS,29.15,-,BANARBEADS,43.00,,41.70,65.80,-,,23.62
AUTO ANCILLARIES,90.20,11.15,BANCOINDIA,214.00,,214.50,241.65,14.91,96.09,49.07
TEXTILES - GENERAL,10.40,12.00,BANG,22.80,,23.00,29.65,-,49.09,36.43
SUGAR,720.15,-,BANARISUG,1920.00,,1927.15,2249.00,-,,25.72
BANKS - PUBLIC SECTOR,109.35,-,BANKBARODA,169.80,,169.85,191.00,-,181.94,16.46
BANKS - PUBLIC SECTOR,78.40,-,BANKINDIA,118.80,,119.05,149.00,-,306.05,16.46
TEXTILES - SPINNING - SYNTHETIC BLENDED,73.00,-,BANSWRAS,167.90,,167.70,194.40,-,,9.71
FINANCE - INVESTMENTS,1354.95,,BANKBEES,1985.00,,1990.47,2097.20,,,
MISCELLANEOUS,8.20,0.72,BARTRONICS,13.30,,13.25,16.30,-,67.02,25.22
LEATHER PRODUCTS,438.00,-,BATAINDIA,489.30,,489.05,613.65,-,89.87,29.94
PESTICIDES & AGRO CHEMICALS,3110.00,-,BAYERCROP,4512.00,,4512.45,4595.00,-,,40.05
CHEMICALS,697.50,,BASF,1234.50,,1227.55,1259.95,,,
ELECTRICALS,1008.00,-,BEL,1269.65,,1269.80,1416.85,-,338.20,22.18
TEXTILES - GENERAL,178.00,-,BASML,341.90,,341.25,,-,,23.40
INFRASTRUCTURE - GENERAL,788.00,-,BEML,911.10,,910.15,1324.40,-,506.58,25.50
ELECTRIC EQUIPMENT,571.50,-,BBL,773.80,,767.25,1108.90,-,,16.24
PAINTS & VARNISHES,152.87,49.83,BERGEPAINT,263.60,,263.30,276.80,61.88,15.23,55.24
POWER - GENERATION & DISTRIBUTION,389.10,-,BFUTILITIE,604.10,,604.70,724.70,-,-60.44,12.82
MISCELLANEOUS,43.50,-,BEARDSELL,237.95,,237.00,,-,,16.44
PETROCHEMICALS,14.20,-,BEPL,20.25,,20.15,29.80,-,,23.47
FINANCE - INVESTMENTS,84.20,-,BFINVEST,181.35,,181.80,190.80,-,,30.29
FINANCE - GENERAL,398.10,-,BHARATFIN,917.45,,919.70,939.00,-,,30.29
CASTINGS & FORGINGS,682.00,45.10,BHARATFORG,923.55,,924.40,969.20,-,147.91,35.35
AUTO ANCILLARIES,52.65,-,BHARATGEAR,141.15,,141.70,,-,,49.82
INFRASTRUCTURE - GENERAL,89.05,-,BGRENERGY,113.05,,113.25,139.00,-,178.75,24.53
SHIPPING,18.00,-,BHARATIDIL,20.05,,19.85,37.25,-,-238.94,34.81
CABLES - TELEPHONE,15.05,-,BHAGYNAGAR,17.05,,17.50,23.50,-,34.56,22.28
MISCELLANEOUS,3.40,-,BGLOBAL,4.20,,4.05,6.95,-,57.64,18.27
TELECOMMUNICATIONS - SERVICE,282.30,4.83,BHARTIARTL,323.45,,324.00,385.00,23.85,105.81,16.91
INFRASTRUCTURE - GENERAL,90.15,-,BHEL,137.90,,138.00,219.70,-,135.53,25.50
ENGINEERING,38.15,-,BHARATWIRE,40.00,,39.95,47.25,-,,27.98
STEEL - CR & HR STRIPS,32.30,-,BHUSANSTL,43.25,,43.40,50.85,-,197.63,20.82
GLASS & GLASS PRODUCTS,50.00,0.88,BINANIIND,105.60,,105.45,120.95,-,-444.97,23.62
PHARMACEUTICALS,431.00,16.51,BIOCON,947.95,,948.60,984.75,20.93,202.74,29.05
LEATHER PRODUCTS,424.50,-,BIL,575.75,,564.15,638.95,-,180.86,29.94
FERTILISERS,19.70,-,BINDALAGRO,,,27.90,46.45,-,83.46,30.29
TEXTILES - SPINNING - SYNTHETIC BLENDED,,-,BIRLACOT,0.08,,0.10,,-,-0.04,23.40
MISCELLANEOUS,79.05,-,BLISSGVS,142.80,,143.30,210.50,-,40.00,29.05
FINANCE - GENERAL,19.00,29.07,BIRLAMONEY,25.00,,25.25,35.95,178.57,4.50,30.29
POWER - GENERATION & DISTRIBUTION,0.65,-,BILENERGY,0.78,,0.80,1.40,-,,17.16
CONSTRUCTION & CONTRACTING - CIVIL,10.00,-,BIGBLOC,45.00,,46.05,53.60,-,,26.47
CONSTRUCTION & CONTRACTING - CIVIL,8.60,-,BLKASHYAP,21.50,,21.60,26.50,-,19.40,26.47
MISCELLANEOUS,10.00,-,BLS,,,1536.15,,-,115.91,65.18
HOTELS,80.40,-,BLUECOAST,130.95,,123.00,178.00,-,55.33,48.66
COURIERS,4888.00,-,BLUEDART,5549.00,,5557.60,7850.00,-,174.52,68.16
TEXTILES - PROCESSING,16.40,-,BLUEBLENDS,49.80,,49.25,86.00,-,18.88,13.29
DYES & PIGMENTS,30.45,-,BODALCHEM,146.55,,146.70,151.50,-,21.50,26.09
DIVERSIFIED,39.00,-,BOMDYEING,54.70,,54.70,72.35,-,,13.29
CONSUMER GOODS - WHITE GOODS,305.60,-,BLUESTARCO,565.35,,562.65,579.50,-,51.48,45.29
CONSUMER GOODS - ELECTRONIC,23.10,-,BPL,92.55,,92.75,100.20,-,16.64,2.87
FOOD PROCESSING,2505.05,43.55,BRITANNIA,3475.40,,3475.35,3584.25,49.39,147.21,60.29
PHARMACEUTICALS,61.15,-,BROOKS,117.90,,118.00,129.90,-,,29.05
POWER - TRANSMISSION & EQUIPMENT,4.10,1.34,BSLIMITED,4.42,,4.45,38.80,2.57,15.06,9.70
TEXTILES - WEAVING,40.00,-,BSL,68.90,,67.75,105.35,-,,16.97
TEXTILES - GENERAL,120.70,-,BRFL,164.00,,163.15,215.00,-,135.67,23.40
FINANCE - INVESTMENTS,2201.20,-,BSLGOLDETF,3040.00,,3018.00,3218.40,-,,-
DOMESTIC APPLIANCES,138.00,-,BUTTERFLY,205.85,,206.85,307.70,-,,49.94
PHARMACEUTICALS,285.00,21.76,CADILAHC,388.50,,389.35,453.30,26.07,52.28,29.05
OIL DRILLING AND EXPLORATION,106.50,11.38,CAIRN,217.40,,217.25,,85.59,260.16,15.46
CONSTRUCTION & CONTRACTING - CIVIL,8.10,1.09,CANDC,23.50,,23.60,29.55,-,1.99,26.47
BANKS - PUBLIC SECTOR,156.00,-,CANBK,330.10,,330.75,,-,496.60,16.46
CONSTRUCTION & CONTRACTING - HOUSING,1.95,-,BSELINFRA,3.16,,3.20,4.40,-,41.49,26.47
FINANCE - HOUSING,840.00,-,CANFINHOME,1730.00,,1725.15,1788.00,-,,28.33
PHARMACEUTICALS,838.10,30.48,CAPLIPOINT,1400.00,,1384.70,1550.00,34.16,82.33,29.05
RETAIL,52.55,-,CANTABIL,69.60,,70.00,97.80,-,,36.43
FINANCE - GENERAL,346.20,35.51,CAPF,739.00,,740.20,797.40,37.46,184.59,30.29
FINANCE - INVESTMENTS,79.50,-,BSLNIFTY,,,90.42,109.00,-,,-
FINANCE - GENERAL,148.00,-,BYKE,193.90,,194.20,,-,,48.66
CEMENT - MAJOR,13.40,10.49,BVCL,20.45,,20.45,27.70,-,33.67,55.34
CHEMICALS,76.00,21.86,CAMLINFINE,85.25,,84.95,121.20,37.89,17.13,41.92
ABRASIVES,156.10,22.73,CARBORUNIV,294.40,,293.20,,37.08,62.79,38.41
CEMENT - MAJOR,7.00,-,BURNPUR,14.64,,14.65,16.50,-,13.45,55.34
HOTELS,8.40,2.95,CCHHL,12.89,,12.80,17.90,7.49,62.46,48.66
LUBRICANTS,360.85,-,CASTROLIND,484.20,,484.95,490.35,-,,38.41
AUTO ANCILLARIES,4.85,-,CASTEXTECH,10.72,,10.65,30.45,-,91.67,25.42
MISCELLANEOUS,883.00,-,CARERATING,1469.15,,1466.95,1472.00,-,138.82,65.18
COMPUTERS - SOFTWARE - TRAINING,93.45,9.54,CAREERP,103.45,,102.80,160.00,13.03,194.52,23.62
PLANTATIONS - TEA & COFFEE,154.25,20.44,CCL,246.70,,246.00,286.00,24.82,38.32,21.07
TYRES,730.00,10.32,CEATLTD,1370.25,,1369.90,,12.90,508.16,11.67
ENGINEERING,11.70,-,CEBBCO,12.90,,12.75,30.40,-,,24.53
TEXTILES - READYMADE APPARELS,8.25,-,CELEBRITY,11.05,,11.10,17.30,-,,36.43
ALUMINIUM,1.40,-,CENTEXT,6.24,,6.05,,-,,10.17
BANKS - PUBLIC SECTOR,47.90,-,CENTRALBK,94.70,,94.55,112.45,-,78.91,16.46
TEXTILES - MANMADE,142.65,-,CENTENKA,272.60,,271.45,292.65,-,,17.38
ELECTRICALS,450.00,16.97,CENTUM,495.25,,499.80,770.00,30.80,150.45,22.18
DIVERSIFIED,403.00,-,CENTURYTEX,957.60,,959.00,,-,,16.44
MISCELLANEOUS,135.65,40.74,CENTURYPLY,261.95,,259.55,,-,23.87,31.71
CERAMICS & GRANITE,1509.95,-,CERA,2459.50,,2463.40,,-,,39.35
POWER - GENERATION & DISTRIBUTION,404.55,-,CESC,632.45,,632.40,683.00,-,417.13,12.82
FERTILISERS,50.65,-,CHAMBLFERT,59.35,,59.50,73.40,-,56.97,14.09
COMPUTERS - HARDWARE,11.50,28.47,CEREBRAINT,17.65,,17.60,28.75,30.96,15.36,25.22
CHEMICALS,65.50,-,CHEMFALKAL,319.95,,319.45,339.25,-,,16.38
REFINERIES,137.80,-,CHENNPETRO,291.40,,291.40,312.40,-,,12.77
DYES & PIGMENTS,2.65,0.42,CHROMATIC,3.40,,3.40,6.15,-,50.32,26.09
FINANCE - LEASING & HIRE PURCHASE,589.75,28.95,CHOLAFIN,1209.10,,1210.85,,29.95,234.85,30.29
DIVERSIFIED,56.10,-,CIMMCO,71.50,,71.65,103.65,-,,16.44
MEDIA & ENTERTAINMENT,13.10,4.21,CINELINE,64.30,,63.50,71.55,8.41,57.39,41.34
PHARMACEUTICALS,457.45,28.91,CIPLA,595.35,,597.80,704.90,42.95,147.29,29.05
DYES & PIGMENTS,585.00,-,CLNINDIA,758.00,,759.55,863.50,-,208.76,26.09
COMPUTERS - SOFTWARE MEDIUM & SMALL,368.10,10.82,CIGNITITEC,417.20,,419.25,515.05,12.20,138.60,18.27
MINING & MINERALS,271.65,12.64,COALINDIA,321.10,,321.10,349.95,14.94,53.67,12.32
MEDIA & ENTERTAINMENT,2.95,-,CINEVISTA,6.47,,6.50,10.25,-,11.12,41.34
PERSONAL CARE,787.20,-,COLPAL,978.95,,979.95,1033.00,-,,52.07
FOOD PROCESSING,215.60,-,COFFEEDAY,226.55,,226.70,328.00,-,,28.61
COMPUTERS - SOFTWARE MEDIUM & SMALL,7.00,-,COMPUSOFT,11.95,,11.85,15.40,-,15.91,107.20
COMPUTERS - HARDWARE,132.20,,COMPINFO,180.00,,181.00,215.00,,,
TRANSPORT & LOGISTICS,1051.00,-,CONCOR,1381.60,,1381.80,1576.90,-,409.04,30.37
FINANCE - GENERAL,47.05,-,CONSOFINVT,,,60.40,89.00,-,383.07,30.29
CABLES - POWER & OTHERS,32.25,-,CORDSCABLE,52.70,,52.90,70.80,-,,19.55
BANKS - PUBLIC SECTOR,31.05,-,CORPBANK,44.00,,44.00,47.30,-,104.84,16.46
FINANCE - HOUSING,26.92,4.17,CREST,62.95,,62.40,84.10,4.28,113.79,28.33
MISCELLANEOUS,140.10,22.54,COX&KINGS,224.70,,224.85,276.90,144.04,134.99,54.27
PHARMACEUTICALS,2.15,-,COUNCODOS,4.61,,4.60,9.10,-,,26.47
TRADING,252.00,-,CONTROLPR,277.55,,279.20,328.50,-,64.00,28.61
MISCELLANEOUS,1761.25,49.97,CRISIL,2450.20,,2457.60,,55.92,120.06,65.18
PLASTICS,179.75,5.96,COSMOFILMS,404.85,,405.10,411.40,8.16,234.01,7.16
COMPUTERS - SOFTWARE MEDIUM & SMALL,76.85,13.24,CTE,114.25,,114.70,163.45,20.08,19.76,18.27
ELECTRICALS,125.00,-,CROMPTON,165.15,,163.90,179.90,-,,50.69
BANKS - PRIVATE SECTOR,77.80,-,CUB,138.55,,138.60,147.90,-,,22.60
ELECTRIC EQUIPMENT,40.30,34.78,CROMPGREAV,77.90,,78.05,203.80,-,73.35,50.69
FINANCE - INVESTMENTS,17.50,-,CPSEETF,24.90,,24.85,,-,,-
FINANCE - INVESTMENTS,1965.90,-,CRMFGETF,2950.00,,2950.00,2975.00,-,,-
METALS - NON FERROUS,7.95,-,CUBEXTUB,14.03,,14.00,19.65,-,,83.43
PERSONAL CARE,231.50,34.79,DABUR,280.05,,280.05,320.00,38.42,23.62,52.07
COMPUTERS - SOFTWARE,369.25,13.07,CYIENT,481.75,,484.00,642.75,16.66,169.70,18.27
COMPUTERS - SOFTWARE MEDIUM & SMALL,40.70,6.31,DATAMATICS,84.35,,84.30,,9.60,71.24,18.27
SUGAR,25.00,-,DALMIASUG,113.40,,113.10,168.00,-,62.87,25.72
MEDIA & ENTERTAINMENT,286.35,17.25,DBCORP,395.90,,395.00,424.00,21.78,73.27,19.41
TEXTILES - SPINNING - SYNTHETIC BLENDED,68.00,-,DAMODARIND,77.95,,76.00,95.00,-,,9.71
FINANCE - GENERAL,16.55,-,DBSTOCKBRO,16.85,,17.00,25.00,-,,30.29
CONSTRUCTION & CONTRACTING - REAL ESTATE,35.80,-,DBREALTY,46.25,,46.45,73.75,-,138.35,26.47
FOOD PROCESSING,180.10,5.62,DAAWAT,265.05,,266.50,319.70,9.52,201.31,16.60
CONSTRUCTION & CONTRACTING - CIVIL,215.55,-,DBL,237.30,,237.90,259.00,-,,-
TEXTILES - SPINNING - COTTON BLENDED,66.00,3.78,DCM,89.65,,89.85,107.00,21.50,122.23,12.93
BANKS - PRIVATE SECTOR,68.40,-,DCBBANK,128.00,,128.10,142.70,-,,22.60
DIVERSIFIED,105.00,7.84,DCMSHRIRAM,212.65,,213.15,244.95,10.11,129.02,16.44
CHEMICALS,56.00,-,DEEPAKNTR,121.00,,122.10,134.00,-,40.60,17.50
CEMENT - MINI,445.00,-,DECCANCE,1052.30,,1055.85,1108.45,-,,55.34
COMPUTERS - SOFTWARE MEDIUM & SMALL,32.25,34.63,CYBERTECH,84.85,,85.25,94.50,75.76,22.26,18.27
PETROCHEMICALS,18.75,-,DCW,30.85,,30.85,34.40,-,25.09,25.64
OIL DRILLING AND EXPLORATION,117.35,-,DEEPIND,231.15,,232.25,242.50,-,88.25,15.46
FINANCE - GENERAL,49.15,39.23,DELTACORP,171.05,,171.20,176.20,63.12,34.76,26.47
BANKS - PUBLIC SECTOR,25.60,-,DENABANK,38.70,,38.80,47.70,-,,16.46
ELECTRIC EQUIPMENT,155.25,-,DENORA,310.00,,310.75,467.95,-,,22.93
FERTILISERS,127.05,-,DEEPAKFERT,217.15,,216.50,254.00,-,173.41,14.09
BANKS - PRIVATE SECTOR,16.80,-,DHANBANK,24.40,,24.35,30.70,-,,22.60
SUGAR,33.00,4.10,DHAMPURSUG,124.90,,125.10,137.50,5.64,105.71,25.72
ELECTRICALS,23.10,-,DELTAMAGNT,32.50,,32.20,37.10,-,22.38,22.18
FINANCE - HOUSING,140.30,-,DHFL,299.05,,299.00,304.45,-,180.43,28.33
PESTICIDES & AGRO CHEMICALS,408.00,-,DHANUKA,675.50,,682.15,777.00,-,82.43,40.05
FINANCE - GENERAL,115.10,-,DHUNINV,132.70,,131.25,159.00,-,1867.00,30.29
SUGAR,11.50,-,DHARSUGAR,43.70,,43.00,70.75,-,,25.72
MEDIA & ENTERTAINMENT,60.05,-,DEN,72.85,,72.35,125.80,-,81.60,41.34
MEDIA & ENTERTAINMENT,65.20,8.09,DISHTV,96.40,,96.60,111.90,15.13,3.57,41.34
TEXTILES - WOOLLEN & WORSTED,7.30,-,DIGJAMLTD,10.38,,10.35,19.00,-,,23.40
PRINTING & STATIONERY,491.00,-,DICIND,538.50,,539.85,750.00,-,,19.41
CABLES - POWER & OTHERS,21.90,-,DIAPOWER,34.25,,34.10,62.20,-,103.32,19.55
MISCELLANEOUS,74.40,-,DLINKINDIA,89.75,,90.00,195.00,-,,28.61
CONSTRUCTION & CONTRACTING - REAL ESTATE,72.35,18.69,DLF,153.65,,153.40,169.20,39.81,153.37,26.47
PLANTATIONS - TEA & COFFEE,66.20,1.84,DPL,78.35,,78.50,104.65,-,81.38,25.64
OIL DRILLING AND EXPLORATION,66.60,4.21,DOLPHINOFF,85.10,,85.55,139.40,11.41,264.90,15.46
MEDIA & ENTERTAINMENT,17.60,1.89,DQE,22.35,,22.25,47.60,3.65,64.26,41.34
PHARMACEUTICALS,2750.05,20.50,DRREDDY,3152.20,,3148.35,4386.60,33.12,705.96,29.05
PLANTATIONS - TEA & COFFEE,210.35,-,DTIL,289.00,,291.70,354.90,-,,21.07
MISCELLANEOUS,290.00,-,DREDGECORP,400.35,,399.15,466.00,-,,23.62
COMPUTERS - SOFTWARE,12.60,-,DUCON,36.40,,36.50,,-,,25.22
SUGAR,28.70,-,DWARKESH,245.55,,245.00,379.40,-,,25.72
PUMPS,1450.00,22.72,DYNAMATECH,3125.80,,3144.25,3244.85,56.93,398.82,"1,582.91"
CONSTRUCTION & CONTRACTING - HOUSING,64.30,-,DSKULKARNI,74.55,,73.70,126.00,-,181.87,26.47
TEXTILES - SYNTHETIC & SILK,1.80,-,EASTSILK,2.33,,2.35,4.00,-,,15.56
ELECTRICALS,125.05,-,ECEIND,,,312.15,376.90,-,,50.69
ELECTRIC EQUIPMENT,27.55,-,EASUNREYRL,30.35,,30.00,58.90,-,40.07,50.69
FINANCE - GENERAL,10.00,-,EBANK,,,1959.50,2060.00,-,,-
COMPUTERS - SOFTWARE MEDIUM & SMALL,1105.30,14.08,ECLERX,1502.45,,1495.40,1784.40,15.93,265.70,20.73
HOTELS,100.10,-,EIHOTEL,111.00,,110.95,137.50,-,42.41,48.66
HOTELS,197.50,-,EIHAHOTELS,345.50,,344.30,379.00,-,37.39,48.66
SUGAR,131.70,17.82,EIDPARRY,266.45,,266.20,270.80,337.28,126.29,25.72
ENGINEERING - HEAVY,285.00,-,EIMCOELECO,388.00,,399.95,529.00,-,,25.50
ENGINEERING,32.10,-,ELECTHERM,158.50,,159.40,188.35,-,-1137.04,24.53
CASTINGS & FORGINGS,16.60,-,ELECTCAST,22.55,,22.50,27.10,-,56.46,20.47
TEXTILES - WEAVING,21.80,-,ELAND,27.20,,27.25,62.80,-,,16.97
BREWERIES & DISTILLERIES,36.10,-,EDL,68.80,,68.85,115.45,-,204.87,42.57
PACKAGING,8.00,-,EKC,27.95,,27.95,32.35,-,30.60,20.73
COMPRESSORS,118.20,26.92,ELGIEQUIP,194.90,,193.90,203.80,42.84,34.14,43.41
TYRES,23.60,-,ELGIRUBCO,15.10,,34.75,40.40,-,,6.32
ENGINEERING - HEAVY,42.55,6.37,ELECON,59.15,,59.20,92.85,18.48,51.58,25.50
COMPUTERS - SOFTWARE - TRAINING,10.10,-,EDUCOMP,12.30,,12.30,18.30,-,22.54,28.99
CONSTRUCTION & CONTRACTING - REAL ESTATE,30.10,-,EMAMIINFRA,61.70,,61.90,90.40,-,5.89,26.47
POWER - GENERATION & DISTRIBUTION,29.30,-,ENERGYDEV,234.70,,234.85,,-,31.45,12.82
PACKAGING,34.10,-,EMMBI,124.20,,125.15,137.00,-,,37.15
POWER - GENERATION & DISTRIBUTION,2.30,-,ENTEGRA,2.25,,2.90,4.20,-,8.73,12.82
INFRASTRUCTURE - GENERAL,143.10,-,ENGINERSIN,252.95,,253.55,276.15,-,81.04,32.96
FINANCE - GENERAL,110.00,-,EQUITAS,187.60,,187.80,206.25,-,,30.29
MEDIA & ENTERTAINMENT,125.75,8.59,EROSMEDIA,208.55,,208.05,513.50,8.89,158.48,41.34
FINANCE - INVESTMENTS,10.00,-,EQ30,,,225.90,256.28,-,,-
AUTO - TRACTORS,112.80,-,ESCORTS,408.30,,408.70,,-,149.85,40.62
ELECTRIC EQUIPMENT,34.10,-,EON,57.45,,58.25,91.80,-,207.16,50.69
PACKAGING,33.75,-,ESTER,47.35,,47.60,108.15,-,31.23,20.73
SHIPPING,18.10,116.00,ESSARSHPNG,29.00,,28.90,38.10,-,325.33,9.31
STEEL - MEDIUM & SMALL,2.20,-,ESL,3.00,,3.00,4.50,-,,8.27
ELECTRODES & GRAPHITE,438.05,-,ESABINDIA,610.00,,601.05,688.95,-,,22.93
PACKAGING,132.00,11.70,ESSELPACK,229.50,,227.15,247.00,19.89,62.03,20.73
PACKAGING,48.25,-,ESSDEE,55.90,,55.70,385.00,-,254.57,20.73
CHEMICALS,138.70,-,EXCELINDUS,340.95,,333.75,348.90,-,153.68,40.05
CERAMICS & GRANITE,2.30,0.42,EUROCERA,6.77,,6.45,10.10,-,-58.77,39.35
DRY CELLS,192.25,-,EVEREADY,245.70,,245.05,318.50,-,90.74,29.45
COMPUTERS - SOFTWARE - TRAINING,17.00,-,EVERONN,18.20,,18.05,36.30,-,-398.24,107.20
AUTO ANCILLARIES,116.00,-,EXIDEIND,190.25,,190.20,199.50,-,50.35,30.20
BEARINGS,3700.00,-,FAGBEARING,4119.00,,4094.10,4415.00,-,,32.51
TEXTILES - SPINNING - COTTON BLENDED,21.00,-,EUROTEXIND,26.50,,26.75,41.30,-,,12.93
PESTICIDES & AGRO CHEMICALS,767.40,-,EXCELCROP,1360.00,,1356.55,1474.70,-,289.22,40.05
FERTILISERS,18.60,-,FACT,23.00,,23.05,28.70,-,,14.09
PHARMACEUTICALS,165.00,-,FDC,224.80,,225.45,274.35,-,59.04,29.05
COMPUTERS - SOFTWARE MEDIUM & SMALL,,-,FCSSOFT,0.30,,0.30,0.60,-,2.32,18.27
BANKS - PRIVATE SECTOR,41.35,-,FEDERALBNK,75.30,,75.40,76.65,-,46.87,22.60
TEXTILES - MANMADE,32.75,-,FILATEX,74.25,,74.55,87.70,-,,17.38
AUTO ANCILLARIES,509.60,-,FIEMIND,1174.00,,1160.30,,-,208.47,29.13
CONSUMER GOODS - WHITE GOODS,58.15,-,FEDDERLOYD,74.50,,74.60,109.20,-,133.46,45.29
CHEMICALS,20.25,17.64,FCL,28.75,,28.95,38.00,18.20,8.13,39.10
RETAIL,15.70,0.88,FEL,16.20,,16.20,172.95,-,70.97,49.33
COMPUTERS - SOFTWARE,70.65,2.49,FINANTECH,81.30,,81.40,134.35,-,676.73,18.27
TEXTILES - GENERAL,2.05,-,FIRSTWIN,3.55,,3.00,3.35,-,19.07,23.40
PETROCHEMICALS,245.60,-,FINPIPE,455.70,,457.15,497.50,-,,23.47
PACKAGING,153.10,6.68,FLEXITUFF,190.05,,192.00,248.00,97.96,153.95,20.73
RETAIL,13.10,0.87,FELDVR,16.05,,16.00,144.20,-,70.97,49.33
RETAIL,66.70,-,FLFL,129.30,,130.75,142.40,-,,85.35
AUTO ANCILLARIES,273.60,-,FMGOETZE,483.45,,483.70,594.00,-,91.70,49.07
MISCELLANEOUS,12.60,,FMNL,28.95,,30.05,41.70,,,
HOSPITALS & MEDICAL SERVICES,141.00,56.53,FORTIS,174.10,,174.60,198.90,-,86.29,57.68
CHEMICALS,1065.10,-,FOSECOIND,1441.00,,1430.00,1580.00,-,,33.24
COMPUTERS - SOFTWARE MEDIUM & SMALL,26.75,7.99,FSL,41.15,,41.10,53.65,9.87,35.93,20.73
AUTO ANCILLARIES,75.00,-,GABRIEL,120.25,,120.65,126.40,-,,18.71
OIL DRILLING AND EXPLORATION,276.15,-,GAIL,402.25,,402.45,,-,279.05,15.46
STEEL - SPONGE IRON,26.35,-,GAL,114.50,,114.50,124.00,-,,11.83
STEEL - TUBES & PIPES,199.20,-,GANDHITUBE,315.00,,312.25,351.85,-,,11.75
EDIBLE OILS & SOLVENT EXTRACTION,35.25,-,GAEL,81.90,,81.75,93.50,-,66.24,16.77
CONSTRUCTION & CONTRACTING - CIVIL,3.80,1.29,GAMMNINFRA,4.73,,4.65,9.10,-,11.26,48.24
STEEL - SPONGE IRON,342.55,-,GALLISPAT,523.00,,526.30,663.00,-,99.26,8.27
TEXTILES - PROCESSING,106.65,-,GANECOS,208.20,,208.45,236.85,-,,13.29
ENGINEERING,,-,GEINDSYS,3.65,,3.00,15.10,-,12.35,24.53
COURIERS,94.50,15.37,GATI,134.20,,133.90,189.35,30.71,63.44,68.16
TEXTILES - WEAVING,20.80,-,GARDENSILK,30.10,,30.30,41.35,-,,16.97
TEXTILES - GENERAL,271.20,-,GARWALLROP,541.00,,542.80,,-,167.01,23.40
MISCELLANEOUS,205.80,14.27,GDL,249.60,,249.80,361.90,24.76,86.58,23.62
CONSTRUCTION & CONTRACTING - CIVIL,490.20,-,GAYAPROJ,692.15,,693.60,769.00,-,214.57,26.47
CHEMICALS,76.00,-,GEECEE,154.40,,154.85,219.70,-,156.60,40.05
FINANCE - GENERAL,28.05,17.16,GEOJITBNPP,38.10,,38.15,45.60,22.95,20.86,30.29
ELECTRICALS,30.50,-,GENUSPOWER,43.10,,42.55,62.45,-,,22.18
CONSTRUCTION & CONTRACTING - HOUSING,56.67,5.75,GANESHHOUC,75.45,,75.15,95.64,6.13,160.24,26.47
PAPER,3.20,-,GENUSPAPER,4.04,,4.00,6.30,-,,16.87
TELECOMMUNICATIONS - EQUIPMENT,1.05,-,GEMINI,1.90,,1.90,5.60,-,-32.06,9.70
COMPUTERS - SOFTWARE MEDIUM & SMALL,40.55,8.13,GENESYS,92.00,,92.60,98.70,-,5.73,18.27
POWER - TRANSMISSION & EQUIPMENT,,-,GEPIL,547.90,,542.95,703.20,-,138.10,17.16
CHEMICALS,95.35,-,GHCL,274.75,,275.10,,-,98.55,16.38
POWER - TRANSMISSION & EQUIPMENT,313.10,-,GET&D,344.00,,344.90,555.95,-,,17.16
FINANCE - HOUSING,181.00,-,GICHSGFIN,335.15,,335.15,,-,,28.33
PLANTATIONS - TEA & COFFEE,48.90,-,GILLANDERS,60.00,,60.00,80.70,-,,16.44
POWER - GENERATION & DISTRIBUTION,71.85,-,GIPCL,89.10,,89.35,98.80,-,130.57,12.82
PHARMACEUTICALS,2752.00,-,GLAXO,2872.20,,2868.35,3872.00,-,200.24,29.05
INFRASTRUCTURE - GENERAL,9.75,77.12,GMRINFRA,13.11,,13.15,18.55,-,13.27,48.24
MINING & MINERALS,52.30,-,GMDCLTD,87.40,,87.10,100.50,-,105.96,12.32
SHIPPING,116.00,8.11,GLOBOFFS,124.50,,124.10,704.90,-,188.70,9.31
BREWERIES & DISTILLERIES,360.08,-,GMBREW,661.30,,662.85,936.00,-,,42.57
BREWERIES & DISTILLERIES,50.60,-,GLOBUSSPR,111.95,,112.15,115.90,-,,42.57
FASTENERS,470.00,-,GKWLIMITED,,,570.95,885.00,-,170.41,21.50
PERSONAL CARE,1118.80,44.18,GODREJCP,1644.25,,1643.90,1715.00,48.09,149.67,52.07
CIGARETTES,611.00,-,GODFRYPHLP,1317.90,,1320.70,1662.80,-,274.11,29.88
PETROCHEMICALS,62.25,-,GOACARBON,112.55,,113.10,121.50,-,79.74,25.64
DIAMOND CUTTING & JEWELLERY & PRECIOUS METALS,30.10,3.61,GITANJALI,66.15,,66.25,68.70,4.43,398.11,25.22
MISCELLANEOUS,62.15,-,GLOBALVECT,75.00,,74.40,148.80,-,,11.97
CHEMICALS,118.00,-,GOCLCORP,315.00,,314.75,330.00,-,71.26,38.41
PERSONAL CARE,290.00,25.58,GODREJIND,444.60,,444.80,451.00,32.93,103.59,52.07
CONSTRUCTION & CONTRACTING - REAL ESTATE,265.65,32.70,GODREJPROP,354.50,,353.65,385.90,34.93,100.21,26.47
EDIBLE OILS & SOLVENT EXTRACTION,9.55,-,GOKUL,13.79,,13.50,25.80,-,21.00,16.77
TEXTILES - READYMADE APPARELS,40.60,-,GOKEX,81.15,,81.10,132.40,-,61.83,36.43
CHEMICALS,2.00,-,GOKULAGRO,17.60,,16.65,20.80,-,,16.77
DIAMOND CUTTING & JEWELLERY & PRECIOUS METALS,0.75,0.47,GOENKA,0.83,,0.80,2.40,-,8.71,25.22
BANKS - PRIVATE SECTOR,2260.55,-,GOLDBEES,2817.00,,2815.40,2918.80,-,,-
CIGARETTES,32.20,-,GOLDENTOBC,41.80,,42.10,56.70,-,-123.89,29.88
DIAMOND CUTTING & JEWELLERY & PRECIOUS METALS,38.00,,GOLDIAM,72.60,,72.25,93.70,,,
TELECOMMUNICATIONS - SERVICE,13.65,7.28,GOLDINFRA,22.00,,21.95,24.80,-,23.89,9.70
FINANCE - INVESTMENTS,232.70,-,GOLDIWIN,288.21,,289.75,329.00,-,,-
BANKS - PUBLIC SECTOR,2263.00,,GOLDSHARE,2828.92,,2816.30,2898.50,,,
STEEL - TUBES & PIPES,75.00,-,GOODLUCK,113.70,,113.60,134.30,-,,11.75
STEEL - SPONGE IRON,48.00,12.61,GPIL,61.30,,60.70,80.70,-,251.87,21.13
SHIPPING,136.35,-,GPPL,179.05,,179.15,212.50,-,,34.81
PHARMACEUTICALS,101.40,13.38,GRANULES,119.90,,119.70,164.40,19.98,29.42,29.05
COMPUTERS - SOFTWARE MEDIUM & SMALL,3.80,4.11,GOLDTECH,7.20,,6.90,10.35,-,35.97,18.27
ELECTRODES & GRAPHITE,64.55,-,GRAPHITE,74.80,,75.00,88.50,-,89.63,17.76
CONSTRUCTION & CONTRACTING - CIVIL,201.50,12.59,GPTINFRA,288.60,,288.00,307.00,29.36,114.63,37.13
DIVERSIFIED,3233.00,10.02,GRASIM,4912.10,,4917.30,5361.05,17.21,2760.67,16.44
MISCELLANEOUS,15.10,16.44,GRAVITA,33.20,,32.65,37.95,31.92,17.41,15.81
ENGINES,114.10,-,GREAVESCOT,129.00,,128.85,162.60,-,35.04,30.15
MISCELLANEOUS,362.00,-,GREENLAM,750.00,,755.00,802.95,-,,51.93
POWER - GENERATION & DISTRIBUTION,9.10,-,GREENPOWER,9.68,,9.65,18.50,-,10.04,12.82
COMPUTERS - SOFTWARE MEDIUM & SMALL,1.20,,GREENFIRE,1.65,,1.65,3.15,,,
PLANTATIONS - TEA & COFFEE,10.00,-,GROBTEA,,,261.00,609.40,-,,-
FINANCE - HOUSING,226.10,-,GRUH,341.25,,341.30,350.50,-,,28.33
MISCELLANEOUS,151.05,-,GREENPLY,269.85,,272.30,297.50,-,49.38,31.71
FERTILISERS,57.50,-,GSFC,86.30,,86.25,,-,,14.09
ABRASIVES,286.30,25.11,GRINDWELL,340.00,,339.85,414.75,34.87,60.85,38.41
COMPUTERS - SOFTWARE MEDIUM & SMALL,20.20,9.53,GSS,28.20,,28.85,44.30,12.94,101.65,18.27
OIL DRILLING AND EXPLORATION,115.10,-,GSPL,157.25,,157.55,160.90,-,70.92,25.64
TELECOMMUNICATIONS - EQUIPMENT,10.60,-,GTL,23.15,,23.05,,-,-233.12,9.70
TEXTILES - SPINNING - COTTON BLENDED,8.10,-,GTNIND,14.33,,14.15,24.75,-,,12.93
RUBBER,855.00,-,GRPLTD,1550.00,,1546.55,1680.00,-,892.92,20.21
TELECOMMUNICATIONS - EQUIPMENT,1.65,-,GTLINFRA,5.46,,5.35,,-,8.96,9.70
CHEMICALS,143.30,-,GUJALKALI,315.00,,311.55,340.00,-,,16.38
SHIPPING,28.05,-,GTOFFSHORE,31.25,,31.30,59.60,-,24.99,9.31
TEXTILES - GENERAL,7.90,-,GTNTEX,12.45,,12.60,17.65,-,,23.40
FOOD PROCESSING,5405.00,-,GSKCONS,6211.55,,6180.05,6800.00,-,,60.29
CHEMICALS,400.00,8.49,GUJFLUORO,537.40,,539.30,710.00,16.06,404.27,33.24
PHARMACEUTICALS,32.10,-,GUFICBIO,37.45,,37.35,64.90,-,,29.05
ENGINEERING - HEAVY,111.00,-,GUJAPOLLO,122.60,,125.00,149.00,-,312.35,25.50
LUBRICANTS,42.00,-,GULFPETRO,85.15,,85.80,92.00,-,,12.77
OIL DRILLING AND EXPLORATION,453.20,-,GUJGASLTD,580.85,,579.10,682.80,23.74,,31.86
LUBRICANTS,447.40,-,GULFOILLUB,765.90,,767.30,777.65,-,,38.41
MISCELLANEOUS,2.45,-,GUJNRECOKE,3.80,,3.85,4.55,-,6.37,12.32
MEDIA & ENTERTAINMENT,23.95,-,HATHWAY,30.45,,30.45,49.25,-,12.61,41.34
PLANTATIONS - TEA & COFFEE,39.60,-,HARRMALAYA,73.00,,72.85,93.60,-,54.95,21.07
AUTO ANCILLARIES,219.00,-,HARITASEAT,550.00,,549.25,675.30,-,124.18,25.42
POWER - GENERATION & DISTRIBUTION,4.10,-,GVKPIL,6.66,,6.65,9.80,-,8.59,12.82
CHEMICALS,273.05,-,GULPOLY,360.20,,363.85,487.00,-,,39.10
FOOD PROCESSING,271.40,-,HATSUN,339.15,,340.05,404.40,-,,60.29
ELECTRIC EQUIPMENT,28.50,-,HBLPOWER,31.95,,32.00,52.20,-,22.98,50.69
ELECTRIC EQUIPMENT,235.30,-,HAVELLS,451.05,,452.30,,-,40.92,50.69
CONSTRUCTION & CONTRACTING - CIVIL,16.55,-,HCC,36.10,,36.15,41.90,-,9.02,26.47
MISCELLANEOUS,4.55,-,HANUNG,5.20,,5.40,12.55,-,-336.52,16.44
FINANCE - HOUSING,1011.45,20.76,HDFC,1429.45,,1432.40,1464.00,21.00,320.83,28.33
COMPUTERS - SOFTWARE,706.40,-,HCLTECH,817.95,,818.15,889.90,-,193.45,18.27
COMPUTERS - HARDWARE,30.15,-,HCL-INSYS,45.40,,45.40,66.85,-,45.22,25.22
MISCELLANEOUS,1.70,-,GUJNREDVR,2.79,,2.80,3.45,-,6.37,12.32
BANKS - PRIVATE SECTOR,928.00,-,HDFCBANK,1289.55,,1289.55,1318.45,-,291.90,22.60
FINANCE - INVESTMENTS,2267.00,-,HDFCMFGETF,2892.60,,2917.85,2948.00,-,,-
HOSPITALS & MEDICAL SERVICES,167.00,-,HCG,220.65,,220.25,227.95,-,,57.68
FINANCE - GENERAL,683.18,-,HDFCNIFETF,,,885.87,1028.90,-,,-
FINANCE - LEASING & HIRE PURCHASE,6.00,-,HBSTOCK,12.00,,11.55,13.30,-,56.73,30.29
FINANCE - GENERAL,2.00,-,HDFCSENETF,2911.20,,2815.00,3388.00,-,,-
CONSTRUCTION & CONTRACTING - REAL ESTATE,55.65,14.25,HDIL,83.20,,83.25,108.70,14.57,257.20,26.47
ELECTRODES & GRAPHITE,115.00,-,HEG,179.25,,179.45,203.20,-,249.46,17.76
CEMENT - MAJOR,59.65,-,HEIDELBERG,134.70,,133.85,144.90,-,,55.34
ENGINEERING,127.10,-,HERCULES,165.75,,166.20,197.40,-,,24.53
PHARMACEUTICALS,363.00,-,HESTERBIO,739.05,,742.15,825.00,-,118.39,29.05
AUTO - 2 & 3 WHEELERS,2377.15,-,HEROMOTOCO,3531.55,,3534.35,3740.00,-,398.25,23.71
CASTINGS & FORGINGS,12.60,-,HILTON,15.45,,14.85,24.50,-,,35.35
TELECOMMUNICATIONS - EQUIPMENT,14.10,-,HFCL,15.07,,15.10,24.65,-,8.04,9.70
PHARMACEUTICALS,110.50,-,HIKAL,222.10,,222.25,,-,55.74,29.05
FINANCE - INVESTMENTS,12.60,-,HEXATRADEX,17.05,,17.60,21.90,-,39.90,28.61
COMPUTERS - SOFTWARE,183.10,13.08,HEXAWARE,192.20,,192.30,273.60,14.68,55.78,18.27
AUTO ANCILLARIES,783.00,-,HINDCOMPOS,1717.00,,1713.45,2119.00,-,,19.79
ALUMINIUM,58.80,-,HINDALCO,154.55,,154.25,164.70,-,186.01,30.37
CEMENT - PRODUCTS & BUILDING MATERIALS,421.00,-,HIL,638.80,,639.55,774.90,-,,37.13
AUTO - CARS & JEEPS,4.55,-,HINDMOTORS,6.64,,6.65,8.70,-,-4.83,33.76
ENGINEERING,9.00,-,HINDDORROL,13.06,,12.90,21.00,-,-128.29,24.53
METALS - NON FERROUS,42.00,-,HINDCOPPER,59.40,,59.75,73.80,-,,83.43
COMPUTERS - SOFTWARE,363.10,4.06,HGS,535.05,,538.00,625.00,8.12,568.40,18.27
REFINERIES,211.70,-,HINDPETRO,434.25,,434.30,442.62,-,182.43,12.77
OIL DRILLING AND EXPLORATION,26.30,-,HINDOILEXP,58.70,,58.80,61.20,-,22.12,15.46
GLASS & GLASS PRODUCTS,60.05,-,HINDNATGLS,99.95,,99.80,155.75,-,25.79,42.11
PERSONAL CARE,766.40,-,HINDUNILVR,859.95,,860.40,954.00,-,18.35,52.07
COMPUTERS - SOFTWARE,361.05,5.63,HINDUJAVEN,462.00,,463.20,470.40,-,320.78,18.27
CASTINGS & FORGINGS,26.45,-,HINDUJAFO,33.15,,33.10,61.30,-,,20.47
METALS - NON FERROUS,135.80,-,HINDZINC,251.55,,251.95,262.50,-,,13.18
PLASTICS,91.40,12.59,HITECHPLAS,196.85,,197.95,221.40,31.85,64.38,37.15
AUTO - TRACTORS,34.25,-,HMT,37.70,,37.75,60.35,-,-32.76,40.62
MEDIA & ENTERTAINMENT,236.15,-,HMVL,289.25,,290.10,301.90,-,,19.41
FINANCE - INVESTMENTS,1732.50,-,HNGSNGBEES,1970.00,,2075.00,2447.90,-,,-
ELECTRIC EQUIPMENT,1081.00,-,HONDAPOWER,1377.50,,1388.65,1480.00,-,,36.31
AUTO ANCILLARIES,221.60,-,HITECHGEAR,367.90,,365.95,399.00,-,,49.82
CHEMICALS,11.80,-,HOCL,18.80,,18.80,22.80,-,-156.64,21.83
HOTELS,16.55,-,HOTELEELA,17.75,,17.80,24.10,-,-3.75,48.66
CERAMICS & GRANITE,223.60,-,HSIL,347.35,,349.10,369.70,-,190.60,39.35
CHEMICALS,12.45,-,HSCL,43.55,,43.80,,-,20.24,39.10
CONSTRUCTION & CONTRACTING - REAL ESTATE,42.10,13.87,IBREALEST,93.35,,93.35,105.20,14.27,149.28,26.47
COMPUTERS - SOFTWARE MEDIUM & SMALL,68.00,2.52,HOVS,110.00,,110.55,131.80,-,269.26,20.73
HOTELS,3.50,-,HOTELRUGBY,5.43,,5.35,8.70,-,6.60,48.66
TELECOMMUNICATIONS - EQUIPMENT,7701.00,-,HONAUT,9146.00,,9180.35,10162.90,-,,39.97
FINANCE - INVESTMENTS,13.05,8.99,IBVENTURES,27.60,,27.50,36.80,12.11,11.32,30.29
MEDIA & ENTERTAINMENT,73.00,7.48,HTMEDIA,85.15,,84.80,96.40,12.08,87.52,19.41
FINANCE - HOUSING,551.10,14.82,IBULHSGFIN,872.20,,873.45,,14.94,253.48,30.29
MISCELLANEOUS,7.80,2.21,IBWSL,24.15,,24.00,34.00,6.31,174.84,169.13
BANKS - PRIVATE SECTOR,180.75,-,ICICIBANK,258.20,,258.20,292.70,-,145.56,22.60
MISCELLANEOUS,3470.00,46.85,ICRA,4100.00,,4096.45,4550.00,52.60,476.24,65.18
TEXTILES - SPINNING - COTTON BLENDED,702.20,-,ICIL,717.00,,716.25,1254.00,-,142.04,12.93
COMPUTERS - SOFTWARE,2.00,-,ICSA,2.86,,2.90,4.70,-,139.89,18.27
FINANCE - INVESTMENTS,2326.00,-,IDBIGOLD,2881.01,,2890.10,3000.15,-,,-
BANKS - PUBLIC SECTOR,47.25,-,IDBI,72.05,,72.15,95.70,-,109.05,16.46
TELECOMMUNICATIONS - SERVICE,78.00,3.24,IDEA,81.15,,81.20,160.25,12.33,71.55,16.91
BANKS - PRIVATE SECTOR,10.00,-,IDFCBANK,78.65,,78.65,83.40,-,,22.60
FINANCE - TERM LENDING INSTITUTIONS,19.40,-,IFCI,27.00,,26.95,30.90,-,39.05,5.08
CONSUMER GOODS - WHITE GOODS,280.10,-,IFBIND,438.95,,440.30,559.95,-,,49.94
CEMENT - PRODUCTS & BUILDING MATERIALS,75.10,8.48,IFGLREFRAC,127.95,,128.25,154.40,12.06,111.72,93.77
OIL DRILLING AND EXPLORATION,453.40,-,IGL,836.90,,837.90,,-,,32.16
CHEMICALS,331.35,-,IFBAGRO,386.75,,386.30,518.00,-,,42.57
FINANCE - INVESTMENTS,56.20,-,IITL,71.00,,71.05,86.60,-,227.45,30.29
CONSTRUCTION & CONTRACTING - CIVIL,39.20,-,IL&FSENGG,54.20,,54.30,80.70,-,-8.42,26.47
CHEMICALS,75.20,-,IGPL,245.05,,247.75,,-,,13.08
ELECTRIC EQUIPMENT,375.00,-,IGARASHI,803.00,,802.25,,-,,50.69
CEMENT - MAJOR,63.90,-,INDIACEM,151.60,,151.50,156.40,-,103.28,55.34
HOTELS,86.40,252.50,INDHOTEL,131.30,,131.15,143.00,-,32.16,48.66
FINANCE - GENERAL,6.05,-,INDBANK,9.78,,9.75,12.25,-,,30.29
INFRASTRUCTURE - GENERAL,64.00,5.70,IL&FSTRANS,101.60,,101.55,109.30,10.73,192.03,30.37
MINING & MINERALS,98.10,-,IMFA,256.20,,256.35,,-,319.45,12.32
CHEMICALS,65.00,-,INDIAGLYCO,130.80,,130.30,139.70,-,82.17,4.67
BANKS - PUBLIC SECTOR,75.30,,INDIANB,224.50,,223.85,242.00,,,
FINANCE - GENERAL,163.50,14.30,IIFL,273.85,,273.85,311.80,16.05,92.09,30.29
MINING & MINERALS,1.00,-,IMPEXFERRO,1.27,,1.25,2.95,-,,30.81
TEXTILES - MACHINERY,162.10,-,INDIANCARD,221.90,,221.45,321.25,-,222.45,25.50
TRANSPORT & LOGISTICS,698.35,-,INDIGO,950.75,,950.80,1394.85,-,,11.97
CEMENT - PRODUCTS & BUILDING MATERIALS,270.00,-,INDIANHUME,715.00,,712.00,,-,,37.13
TRADING,650.20,-,IMPAL,834.45,,836.10,997.70,-,,28.61
AUTO ANCILLARIES,315.00,-,INDNIPPON,491.40,,489.30,499.85,-,204.16,60.28
MISCELLANEOUS,6.65,-,INDOSOLAR,7.33,,7.35,14.25,-,,-
FINANCE - GENERAL,18.30,-,INDOTHAI,23.35,,24.00,29.60,-,44.76,30.29
TEXTILES - SPINNING - SYNTHETIC BLENDED,24.40,-,INDORAMA,31.70,,31.45,42.20,-,37.69,9.71
POWER - GENERATION & DISTRIBUTION,3.35,4.62,INDOWIND,4.34,,4.30,6.30,48.22,19.27,12.82
HOSPITALS & MEDICAL SERVICES,46.50,-,INDRAMEDCO,52.70,,52.50,77.20,-,,57.68
BANKS - PRIVATE SECTOR,799.00,-,INDUSINDBK,1224.15,,1224.30,1256.05,-,,22.60
POWER - TRANSMISSION & EQUIPMENT,141.30,-,INDOTECH,196.00,,194.55,297.80,-,,17.16
MISCELLANEOUS,432.00,-,INFIBEAM,921.00,,921.60,1074.00,-,,"1,136.30"
PETROCHEMICALS,475.00,-,INEOSSTYRO,596.30,,593.75,842.00,-,,23.47
PHARMACEUTICALS,26.20,-,INDSWFTLAB,41.05,,40.85,56.20,-,56.19,29.05
TEXTILES - READYMADE APPARELS,102.00,-,INDTERRAIN,154.00,,154.10,185.00,-,,36.43
FINANCE - INVESTMENTS,225.00,-,INFRABEES,,,289.89,307.90,-,,-
TELECOMMUNICATIONS - EQUIPMENT,301.50,14.33,INFRATEL,369.20,,369.20,436.75,26.73,96.74,48.24
COMPUTERS - SOFTWARE,1009.10,15.89,INFY,1048.80,,1049.20,1279.30,17.34,251.77,18.27
POWER - GENERATION & DISTRIBUTION,163.00,-,INOXWIND,210.25,,210.40,411.40,-,,25.50
MEDIA & ENTERTAINMENT,170.75,16.37,INOXLEISUR,267.40,,267.00,293.40,33.42,61.28,41.34
COMPRESSORS,582.25,-,INGERRAND,746.25,,749.25,839.95,-,,43.41
REFINERIES,344.90,-,IOC,612.80,,612.65,,-,313.00,12.77
PRINTING & STATIONERY,3.45,38.46,INFOMEDIA,5.00,,5.00,8.90,-,1.86,19.41
COMPUTERS - SOFTWARE,178.00,5.38,INFINITE,231.90,,230.20,267.50,7.43,227.65,18.27
BANKS - PUBLIC SECTOR,20.85,-,IOB,26.05,,26.10,38.10,-,,16.46
COMPUTERS - SOFTWARE,154.60,466.79,INTELLECT,182.05,,182.30,302.45,-,61.25,18.27
TEXTILES - READYMADE APPARELS,1.70,-,INTEGRA,3.04,,2.50,3.15,-,,36.43
PESTICIDES & AGRO CHEMICALS,295.00,-,INSECTICID,493.50,,498.55,540.95,-,,40.05
FINANCE - INVESTMENTS,10.35,-,INVENTURE,16.95,,16.50,27.65,-,20.90,30.29
INFRASTRUCTURE - GENERAL,195.30,5.92,IRB,253.65,,252.95,272.00,13.68,137.35,26.47
PHARMACEUTICALS,404.00,-,IPCALAB,620.30,,620.35,808.00,-,180.97,29.05
PAPER,216.15,-,IPAPPM,299.00,,299.20,344.00,-,,16.87
MISCELLANEOUS,250.00,14.00,ISFT,423.10,,425.40,575.00,14.52,80.15,20.73
CHEMICALS,55.65,-,IOLCP,140.00,,139.65,156.80,-,,17.50
CONSTRUCTION & CONTRACTING - CIVIL,80.25,22.36,ITDCEM,142.85,,143.05,163.95,35.53,32.75,26.47
FINANCE - INVESTMENTS,12.95,7.24,IVC,14.92,,14.90,21.50,10.58,12.63,30.29
CONSTRUCTION & CONTRACTING - CIVIL,3.70,-,IVRCLINFRA,5.07,,5.00,12.00,-,-3.46,26.47
COMPUTERS - SOFTWARE MEDIUM & SMALL,35.10,4.51,IZMO,52.00,,51.90,87.00,36.11,143.64,18.27
BANKS - PRIVATE SECTOR,56.20,-,J&KBANK,88.15,,88.30,92.30,-,132.45,22.60
TELECOMMUNICATIONS - EQUIPMENT,22.60,-,ITI,27.55,,27.60,34.90,-,,9.70
STEEL - SPONGE IRON,4.80,-,JAIBALAJI,11.39,,11.45,15.45,-,-105.06,21.13
VANASPATI & OILS,70.00,-,IVP,122.05,,123.20,139.70,-,,16.77
MEDIA & ENTERTAINMENT,137.15,,JAGRAN,195.00,,194.60,213.00,,,
STEEL - GP & GC SHEETS,48.55,,JAICORPLTD,73.85,,73.70,94.40,,,
PHARMACEUTICALS,30.85,-,JAGSNPHARM,40.35,,40.25,62.90,-,,29.05
AUTO ANCILLARIES,105.53,13.24,JAMNAAUTO,218.25,,217.85,239.65,20.19,30.42,24.27
MEDIA & ENTERTAINMENT,3.80,-,JAINSTUDIO,5.01,,5.00,8.10,-,,41.34
AUTO ANCILLARIES,112.50,-,JAYBARMARU,216.40,,216.90,,-,,25.42
PHARMACEUTICALS,228.00,-,JBCHEPHARM,365.00,,365.10,396.20,-,128.95,29.05
CHEMICALS,101.00,10.95,JAYAGROGN,315.15,,314.90,358.40,14.96,162.84,39.10
PAINTS & VARNISHES,5.85,-,JENSONICOL,7.91,,8.00,14.15,-,,55.24
TEXTILES - MANMADE,150.00,10.51,JBFIND,227.65,,227.05,255.00,-,303.04,17.38
CASTINGS & FORGINGS,5.80,-,JAYNECOIND,7.14,,7.00,11.30,-,33.20,20.47
PLANTATIONS - TEA & COFFEE,62.40,-,JAYSREETEA,102.25,,102.65,121.35,-,138.07,21.07
TRANSPORT & LOGISTICS,322.50,-,JETAIRWAYS,487.15,,487.30,796.40,-,-477.87,11.97
AUTO ANCILLARIES,103.10,7.67,JBMA,211.45,,211.65,242.00,16.13,84.24,25.42
STEEL - SPONGE IRON,48.10,43.48,JINDALSTEL,83.05,,83.10,98.15,-,198.35,21.13
TEXTILES - SPINNING - COTTON BLENDED,5.60,-,JINDCOT,17.30,,17.15,24.45,-,2.67,23.40
STEEL - TUBES & PIPES,35.65,-,JINDALSAW,58.60,,57.95,73.50,-,114.01,11.75
CEMENT - MAJOR,253.95,-,JKLAKSHMI,494.10,,495.40,505.40,-,114.65,55.34
CEMENT - MAJOR,425.00,-,JKCEMENT,892.50,,894.60,,-,232.46,55.34
PLASTICS,46.80,11.83,JISLJALEQS,96.65,,96.65,101.40,36.20,50.80,61.40
PLASTICS,35.45,7.25,JISLDVREQS,59.20,,59.40,61.35,-,50.80,61.40
PAPER,40.15,-,JKPAPER,67.20,,67.25,68.30,-,59.72,16.87
OIL DRILLING AND EXPLORATION,105.00,-,JINDRILL,169.45,,169.60,209.50,-,,15.46
TRADING,113.00,-,JINDWORLD,165.00,,172.55,184.00,-,105.94,23.40
AUTO ANCILLARIES,156.00,-,JMA,,,195.40,219.60,-,,-
TYRES,73.80,5.48,JKTYRE,155.05,,154.95,,7.89,77.09,11.67
PACKAGING,339.60,3.33,JINDALPOLY,414.95,,415.75,611.90,6.00,547.01,20.73
CONSTRUCTION & CONTRACTING - CIVIL,105.40,-,JKIL,189.45,,189.45,448.50,-,,26.47
AUTO ANCILLARIES,18.00,-,JMTAUTOLTD,28.60,,28.45,53.40,-,2.98,49.82
CONSTRUCTION & CONTRACTING - CIVIL,174.30,-,JMCPROJECT,238.75,,238.90,289.00,-,146.36,26.47
INFRASTRUCTURE - GENERAL,5.30,-,JPINFRATEC,8.94,,8.90,15.15,-,,26.47
INFRASTRUCTURE - GENERAL,5.30,-,JPASSOCIAT,10.95,,10.95,14.65,-,53.00,26.47
MISCELLANEOUS,133.00,-,JOCIL,,,236.45,248.00,-,,33.24
FINANCE - GENERAL,65.00,-,JPOLYINVST,94.00,,93.40,123.00,-,,30.29
STEEL - MEDIUM & SMALL,14.20,-,JSL,24.80,,24.85,61.40,-,-15.68,7.30
POWER - GENERATION & DISTRIBUTION,3.65,-,JPPOWER,4.16,,4.20,7.90,-,25.87,12.82
POWER - GENERATION & DISTRIBUTION,59.00,5.10,JSWENERGY,75.10,,75.20,96.10,8.41,52.05,12.82
STEEL - LARGE,856.10,11.56,JSWSTEEL,1784.50,,1783.60,1885.95,79.56,861.26,8.27
MISCELLANEOUS,887.35,-,JUBLFOOD,989.95,,993.80,1689.60,-,111.25,60.29
PHARMACEUTICALS,275.65,12.72,JUBILANT,647.80,,648.30,675.70,22.18,182.67,29.05
FINANCE - INVESTMENTS,920.00,-,JSWHL,1264.75,,1259.40,1396.00,-,,30.29
FINANCE - INVESTMENTS,168.00,-,JUNIORBEES,235.00,,237.99,,-,,-
MISCELLANEOUS,375.70,-,JUSTDIAL,438.15,,437.85,1077.90,-,95.33,65.18
VANASPATI & OILS,13.50,-,JVLAGRO,16.30,,16.25,27.85,-,31.81,16.77
PERSONAL CARE,252.10,34.40,JYOTHYLAB,361.20,,360.45,369.00,41.19,46.60,52.07
CERAMICS & GRANITE,392.75,17.39,KAJARIACER,698.15,,699.35,,22.52,116.06,39.35
CEMENT - MINI,99.55,-,KAKATCEM,396.50,,397.20,599.00,-,,55.34
ENGINEERING - HEAVY,71.20,-,KABRAEXTRU,119.55,,120.30,133.40,-,,25.50
ENGINEERING,94.20,,KALINDEE,113.75,,112.55,169.95,,,
POWER - TRANSMISSION & EQUIPMENT,160.00,-,KALPATPOWR,254.35,,253.95,286.00,-,151.54,17.16
HOTELS,28.10,-,KAMATHOTEL,35.25,,35.10,75.50,-,23.15,48.66
PAINTS & VARNISHES,236.00,-,KANSAINER,376.05,,374.55,384.95,-,42.60,55.24
CHEMICALS,45.65,-,KANORICHEM,66.65,,66.60,84.70,-,111.05,16.38
FINANCE - INVESTMENTS,6.15,-,KANANIIND,23.90,,23.55,31.90,-,4.92,25.22
MISCELLANEOUS,162.00,15.62,KDDL,228.00,,228.65,297.00,65.71,79.96,51.10
MISCELLANEOUS,688.00,45.38,KAYA,840.95,,837.10,1285.00,154.02,193.93,52.07
CONSTRUCTION & CONTRACTING - CIVIL,3.20,-,KAUSHALYA,5.17,,5.10,7.80,-,7.99,26.47
CEMENT - MAJOR,58.10,-,KCP,106.75,,107.25,111.70,-,47.72,55.34
BANKS - PRIVATE SECTOR,394.00,-,KARURVYSYA,479.70,,479.95,542.60,-,,22.60
STEEL - MEDIUM & SMALL,34.70,-,KAMDHENU,62.80,,62.45,75.00,-,,19.91
POWER - TRANSMISSION & EQUIPMENT,97.50,11.37,KEC,123.75,,123.95,164.80,16.57,58.81,17.16
CASTINGS & FORGINGS,208.00,-,KALYANIFRG,268.00,,269.90,325.00,-,,35.35
TELECOMMUNICATIONS - EQUIPMENT,12.20,-,KAVVERITEL,12.65,,12.85,25.50,-,67.28,9.70
COMPUTERS - SOFTWARE MEDIUM & SMALL,29.75,-,KERNEX,41.35,,40.90,59.70,-,77.87,18.27
COMPUTERS - SOFTWARE MEDIUM & SMALL,103.15,11.92,KELLTONTEC,115.90,,115.95,246.50,12.63,26.76,18.27
ELECTRIC EQUIPMENT,22.25,-,KECL,65.45,,65.20,71.70,-,-30.52,50.69
MISCELLANEOUS,15.00,-,KARMAENG,21.50,,21.50,28.90,-,25.37,12.82
MISCELLANEOUS,1.10,0.82,KGL,1.52,,1.50,2.70,1.06,18.66,23.62
DIVERSIFIED,72.00,-,KESORAMIND,197.70,,198.00,,-,,16.44
FINANCE - GENERAL,15.00,-,KHANDSE,18.00,,18.00,20.45,-,,30.29
DOMESTIC APPLIANCES,30.10,-,KHAITANELE,34.25,,34.25,57.00,-,,49.94
FINANCE - GENERAL,30.85,3.18,KEYCORPSER,31.70,,32.00,45.95,-,96.61,30.29
PHARMACEUTICALS,30.65,0.72,KILITCH,49.15,,48.80,61.20,-,82.14,29.05
DYES & PIGMENTS,71.40,3.20,KIRIINDUS,344.70,,344.40,405.00,3.51,224.06,26.09
PUMPS,112.50,-,KIRLOSBROS,167.60,,168.15,220.35,-,121.67,38.95
FINANCE - INVESTMENTS,1015.00,-,KICL,1285.00,,1280.90,1942.70,-,,30.29
ENGINES,200.00,-,KIRLOSENG,355.00,,357.05,,-,,30.15
TEXTILES - READYMADE APPARELS,340.00,-,KITEX,443.00,,443.20,864.00,-,,36.43
CONSTRUCTION & CONTRACTING - CIVIL,410.00,-,KNRCON,747.25,,748.35,788.45,-,247.82,26.47
FOOD PROCESSING,35.40,-,KOHINOOR,55.50,,55.45,84.60,-,97.40,16.60
DIVERSIFIED,65.00,-,KOKUYOCMLN,81.45,,81.45,120.95,-,21.81,16.44
BANKS - PRIVATE SECTOR,585.75,33.40,KOTAKBANK,791.65,,791.70,825.40,36.28,181.58,22.60
PHARMACEUTICALS,40.30,12.24,KOPRAN,57.55,,57.40,83.00,20.41,23.15,29.05
CONSTRUCTION & CONTRACTING - REAL ESTATE,95.50,8.27,KOLTEPATIL,126.00,,126.25,186.40,9.19,115.79,26.47
FINANCE - INVESTMENTS,694.10,-,KOTAKNIFTY,,,885.81,919.10,-,,-
COMPUTERS - SOFTWARE MEDIUM & SMALL,106.60,7.12,KPIT,130.20,,130.40,196.85,8.80,70.01,18.27
FOOD PROCESSING,151.80,15.88,KRBL,261.45,,259.50,305.90,18.24,68.98,16.60
TEXTILES - READYMADE APPARELS,617.00,12.01,KPRMILL,1194.00,,1201.35,1271.55,20.22,290.37,36.43
FINANCE - INVESTMENTS,193.05,-,KOTAKPSUBK,330.00,,331.61,350.00,-,,-
FINANCE - INVESTMENTS,136.00,-,KOTAKBKETF,,,200.27,208.80,-,,-
FINANCE - INVESTMENTS,224.05,-,KOTAKGOLD,279.01,,282.20,295.75,-,,-
TRADING,14.55,-,KOTHARIPET,,,22.70,30.80,-,,28.61
MISCELLANEOUS,60.30,8.69,KRIDHANINF,69.20,,68.55,125.50,19.49,23.89,48.24
SUGAR,5.55,-,KOTARISUG,,,14.40,22.30,-,15.88,25.72
MEDIA & ENTERTAINMENT,,6.33,KSERASERA,0.19,,0.20,0.40,-,2.82,41.34
MISCELLANEOUS,300.00,13.17,KSCL,381.50,,382.95,543.60,15.25,131.30,43.44
FOOD PROCESSING,77.00,-,KWALITY,143.30,,143.30,153.80,-,36.40,60.29
BANKS - PRIVATE SECTOR,84.80,-,KTKBANK,152.40,,152.60,162.25,-,,22.60
STEEL - ROLLING,120.50,-,KSL,337.35,,338.10,413.00,-,,11.83
FASTENERS,28.65,-,LAKPRE,37.15,,38.00,64.00,-,60.79,21.50
FINANCE - INVESTMENTS,48.25,17.22,L&TFH,93.70,,93.75,99.20,18.85,40.35,30.29
PUMPS,503.00,-,KSBPUMPS,613.00,,610.10,774.00,-,173.19,38.95
BANKS - PRIVATE SECTOR,75.05,-,LAKSHVILAS,157.30,,156.95,165.80,-,,22.60
FOOD PROCESSING,10.50,-,LAKSHMIEFL,54.05,,53.95,59.80,-,47.38,16.60
POWER - GENERATION & DISTRIBUTION,26.05,14.58,KSK,27.70,,27.95,55.30,-,61.83,12.82
MISCELLANEOUS,161.03,,KTIL,250.90,,252.75,344.66,,,
TEXTILES - MACHINERY,2934.50,-,LAXMIMACH,4442.20,,4425.45,,-,1292.05,25.50
TEXTILES - SPINNING - COTTON BLENDED,91.25,-,LAMBODHARA,98.00,,96.50,489.90,-,,12.93
COMPUTERS - SOFTWARE MEDIUM & SMALL,0.15,-,LCCINFOTEC,,,0.35,0.55,-,4.66,18.27
CASTINGS & FORGINGS,4.60,-,LGBFORGE,6.47,,6.45,9.40,-,,35.35
FINANCE - GENERAL,32.50,-,LFIC,,,48.10,54.75,-,,30.29
ENGINEERING,392.20,11.51,LGBBROSLTD,631.45,,627.75,,-,263.63,25.42
FINANCE - HOUSING,388.65,-,LICHSGFIN,597.90,,597.75,,-,182.59,28.33
MISCELLANEOUS,152.55,-,LINCPEN,269.20,,272.15,303.20,-,,23.62
INFRASTRUCTURE - GENERAL,3.85,2.74,LITL,4.22,,4.20,7.80,-,-2.62,48.24
MACHINE TOOLS,60.00,-,LOKESHMACH,76.00,,76.25,98.50,-,,24.53
FINANCE - INVESTMENTS,950.90,-,LIQUIDBEES,1000.00,,999.99,1018.00,-,,-
FINANCE - GENERAL,62.96,,LICNETFN50,,,88.35,94.10,,,
INFRASTRUCTURE - GENERAL,1016.05,17.21,LT,1448.90,,1449.15,1615.00,26.52,471.68,16.44
COMPUTERS - SOFTWARE,613.00,-,LTI,618.35,,618.25,715.00,-,,18.27
CONSUMER GOODS - WHITE GOODS,175.10,-,LLOYDELENG,285.10,,285.25,328.90,-,189.73,45.29
STEEL - MEDIUM & SMALL,1.00,-,LSIL,1.54,,1.55,2.60,-,,8.27
TEXTILES - READYMADE APPARELS,208.05,-,LOVABLE,263.45,,262.95,293.35,-,,36.43
AUTO ANCILLARIES,352.60,-,LUMAXIND,833.30,,837.60,859.90,-,,29.13
AUTO - 2 & 3 WHEELERS,6.35,-,LML,8.46,,8.50,11.25,-,,23.71
CHEMICALS,238.20,-,LINDEINDIA,367.20,,368.05,407.90,-,,32.16
AUTO ANCILLARIES,240.00,11.18,LUMAXTECH,458.00,,460.40,481.40,17.84,207.26,25.42
PHARMACEUTICALS,1280.00,22.17,LUPIN,1489.75,,1488.45,2129.00,26.17,243.48,29.05
HOSPITALS & MEDICAL SERVICES,12.75,-,LOTUSEYE,22.80,,22.80,27.20,-,,57.68
CONSTRUCTION & CONTRACTING - REAL ESTATE,2.60,-,LPDC,3.63,,3.75,5.65,-,,26.47
PHARMACEUTICALS,59.20,22.01,LYKALABS,67.35,,67.10,142.90,-,16.56,29.05
TEXTILES - PROCESSING,536.20,-,LUXIND,640.00,,644.95,829.60,-,,36.43
FINANCE - INVESTMENTS,,-,M100,17.30,,,,-,,-
FINANCE - LEASING & HIRE PURCHASE,173.10,26.50,M&MFIN,381.30,,381.00,,28.08,113.76,30.29
AUTO - CARS & JEEPS,1091.25,-,M&M,1415.35,,1415.35,1508.95,-,460.80,33.76
DIAMOND CUTTING & JEWELLERY & PRECIOUS METALS,52.55,6.94,LYPSAGEMS,56.70,,56.80,154.50,7.13,33.74,25.22
CERAMICS & GRANITE,36.00,-,MADHAV,54.00,,54.05,85.90,-,,18.00
CONSTRUCTION & CONTRACTING - CIVIL,39.50,-,MADHUCON,48.30,,48.35,86.35,-,-17.39,26.47
FINANCE - INVESTMENTS,64.75,-,M50,82.55,,83.00,86.50,-,,-
FINANCE - LEASING & HIRE PURCHASE,63.30,9.93,MAGMA,105.85,,105.75,116.10,11.77,90.80,30.29
CASTINGS & FORGINGS,156.30,-,MAHINDCIE,204.90,,204.40,279.85,-,62.15,35.35
BANKS - PUBLIC SECTOR,26.05,-,MAHABANK,31.20,,31.20,37.40,-,64.74,16.46
STEEL - CR & HR STRIPS,128.00,-,MAHASTEEL,203.55,,202.30,504.20,-,58.82,20.82
COMPUTERS - SOFTWARE MEDIUM & SMALL,300.05,45.58,MAJESCO,484.05,,486.10,789.00,164.64,118.73,18.27
MINING & MINERALS,76.40,-,MAITHANALL,270.90,,270.00,434.90,-,135.02,30.81
PAPER,2.30,-,MAGNUM,2.83,,2.90,4.25,-,,16.87
PAPER,,-,MALUPAPER,20.65,,25.25,,-,,16.87
ENGINEERING,2.75,-,MANAKCOAT,9.00,,8.95,10.40,-,12.47,9.68
AUTO - 2 & 3 WHEELERS,942.00,-,MAHSCOOTER,1494.00,,1493.70,1694.95,-,,23.71
STEEL - TUBES & PIPES,130.55,-,MAHSEAMLES,214.60,,216.75,249.00,-,328.99,37.46
TEXTILES - SPINNING - COTTON BLENDED,4.95,-,MALWACOTT,5.74,,5.80,9.35,-,,12.93
STEEL - LARGE,5.10,-,MANAKSTEEL,9.50,,8.95,14.40,-,,8.27
FINANCE - LEASING & HIRE PURCHASE,22.15,15.47,MANAPPURAM,93.75,,93.75,101.15,17.36,32.77,30.29
PETROCHEMICALS,20.00,-,MANALIPETC,41.45,,41.30,,-,,23.47
TEXTILES - GENERAL,30.05,-,MANDHANA,31.95,,31.55,344.95,-,,43.33
MISCELLANEOUS,9.60,-,MANGTIMBER,33.05,,33.45,39.35,-,,31.71
FERTILISERS,36.40,-,MANGCHEFER,46.00,,45.70,58.45,-,,14.09
CEMENT - MAJOR,147.50,-,MANGLMCEM,354.50,,353.95,376.00,-,,55.34
FOOD PROCESSING,370.00,-,MANPASAND,773.05,,771.90,,-,,42.57
CONSTRUCTION & CONTRACTING - CIVIL,28.85,41.15,MANINFRA,48.15,,48.25,52.85,57.32,24.44,26.47
STEEL - TUBES & PIPES,45.05,5.83,MANINDS,49.80,,49.45,113.90,-,99.44,11.75
PHARMACEUTICALS,129.85,-,MANGALAM,164.30,,164.70,442.40,-,,29.05
COMPUTERS - SOFTWARE,104.50,11.03,MASTEK,137.35,,137.45,211.55,24.75,137.44,18.27
AUTO - CARS & JEEPS,3193.25,-,MARUTI,5679.95,,5680.00,5720.00,-,918.59,33.76
ENGINEERING,30.05,-,MANUGRAPH,46.75,,46.50,73.00,-,65.94,24.53
PHARMACEUTICALS,33.50,30.70,MARKSANS,57.10,,57.10,113.90,48.80,10.79,29.05
PERSONAL CARE,189.30,42.73,MARICO,282.90,,283.00,306.90,48.52,16.25,52.07
MISCELLANEOUS,2.00,-,MAXINDIA,139.65,,139.80,180.00,-,,20.73
CONSTRUCTION & CONTRACTING - CIVIL,414.90,16.10,MAHLIFE,440.85,,442.00,516.00,19.43,380.98,26.47
SUGAR,7.05,-,MAWANASUG,57.90,,58.00,71.80,-,-98.84,16.44
TEXTILES - SPINNING - COTTON BLENDED,21.00,-,MARALOVER,29.50,,29.65,40.40,-,,12.93
CONSTRUCTION & CONTRACTING - CIVIL,62.10,3.79,MBLINFRA,113.75,,113.45,252.95,5.17,158.36,26.47
ENGINEERING,56.00,-,MBECL,58.10,,58.55,113.40,-,3.63,24.53
PLASTICS,383.90,-,MAYURUNIQ,430.55,,429.00,480.00,-,,37.15
PACKAGING,10.00,-,MAXVIL,51.10,,51.10,87.05,-,,20.73
MISCELLANEOUS,2.65,2.71,MANAKINDST,16.00,,14.70,22.70,4.37,92.18,20.73
BREWERIES & DISTILLERIES,2118.00,-,MCDOWELL-N,2545.20,,2548.05,3644.25,-,123.03,42.57
FINANCE - INVESTMENTS,21.50,-,MCDHOLDING,39.90,,39.90,42.90,-,,30.29
TEXTILES - READYMADE APPARELS,29.05,-,MAXWELL,63.10,,63.20,74.40,-,,36.43
MISCELLANEOUS,725.00,-,MCX,1330.30,,1326.25,1420.00,-,273.54,65.18
COMPUTERS - SOFTWARE MEDIUM & SMALL,4.40,6.58,MEGASOFT,14.35,,14.40,18.25,21.42,28.88,18.27
PLANTATIONS - TEA & COFFEE,129.05,-,MCLEODRUSS,172.00,,170.90,219.70,-,140.61,21.07
PESTICIDES & AGRO CHEMICALS,18.25,7.40,MEGH,47.50,,47.55,49.70,13.97,25.25,40.05
COMPUTERS - SOFTWARE MEDIUM & SMALL,3.45,-,MELSTAR,4.25,,4.50,8.25,-,5.19,18.27
INFRASTRUCTURE - GENERAL,34.20,-,MEP,42.20,,42.35,59.70,-,,48.24
CASTINGS & FORGINGS,40.95,-,METALFORGE,80.65,,80.35,102.90,-,,35.35
BEARINGS,35.75,-,MENONBE,78.15,,78.55,92.00,-,,32.51
PACKAGING,302.80,-,MFSL,557.05,,558.40,628.00,-,73.59,30.29
REFINERIES,421.00,-,MGL,723.70,,722.05,,-,,31.86
SHIPPING,16.00,-,MERCATOR,46.60,,46.65,54.60,-,34.77,16.44
PHARMACEUTICALS,620.00,-,MERCK,711.50,,708.25,818.00,-,,29.05
TELECOMMUNICATIONS - EQUIPMENT,12.00,-,MIC,15.30,,15.40,28.65,-,11.66,22.18
COMPUTERS - SOFTWARE,71.00,8.30,MINDTECK,85.90,,85.05,102.95,8.92,74.90,18.27
FINANCE - GENERAL,42.65,-,MICROSEC,49.10,,49.75,100.50,-,68.54,30.29
AUTO ANCILLARIES,98.60,11.63,MINDAIND,318.45,,319.20,329.40,20.27,59.02,60.28
CONSUMER GOODS - ELECTRONIC,8.00,-,MIRCELECTR,13.50,,13.50,22.55,-,6.72,2.87
COMPUTERS - SOFTWARE,463.75,11.52,MINDTREE,495.10,,495.95,1609.00,14.13,142.64,18.27
STEEL - MEDIUM & SMALL,1.70,-,METKORE,2.05,,1.95,4.85,-,,30.81
AUTO ANCILLARIES,71.75,12.03,MINDACORP,107.10,,107.50,143.30,20.02,26.17,25.42
LEATHER PRODUCTS,83.50,-,MIRZAINT,95.60,,95.70,145.00,-,,29.94
TRADING,29.85,-,MMTC,45.25,,45.40,52.30,-,12.13,28.61
CASTINGS & FORGINGS,369.10,-,MMFL,422.70,,425.10,565.00,-,,35.35
MINING & MINERALS,179.50,-,MOIL,260.55,,261.25,284.00,-,,12.32
HOTELS,302.95,-,MHRIL,463.40,,464.50,514.00,-,75.55,48.66
TEXTILES - PROCESSING,36.50,-,MOHITIND,43.15,,42.80,88.40,-,,13.29
STEEL - SPONGE IRON,19.25,-,MONNETISPA,23.60,,23.65,41.50,-,22.76,21.13
PLASTICS,104.20,-,MOLDTKPAC,196.15,,197.15,216.80,-,46.47,37.15
PACKAGING,44.45,16.32,MOLDTECH,48.80,,48.55,62.00,22.18,11.02,20.73
TEXTILES - READYMADE APPARELS,337.05,-,MONTECARLO,460.00,,459.75,572.00,-,,36.43
PESTICIDES & AGRO CHEMICALS,1515.65,-,MONSANTO,2394.95,,2392.40,2746.70,-,,40.05
PHARMACEUTICALS,13.90,-,MOREPENLAB,23.85,,23.90,41.75,-,4.02,29.05
COMPUTERS - HARDWARE,7.25,-,MOSERBAER,7.93,,7.90,14.55,-,-206.12,21.37
COMPUTERS - SOFTWARE,398.15,14.38,MPHASIS,545.45,,545.15,624.00,15.86,292.54,18.27
PRINTING & STATIONERY,605.05,-,MPSLTD,685.00,,659.80,910.00,-,,19.41
TYRES,30101.00,-,MRF,51145.85,,51226.85,,-,16164.89,11.67
FINANCE - LEASING & HIRE PURCHASE,33.25,-,MOTOGENFIN,42.70,,44.10,50.55,-,,30.29
COMPUTERS - HARDWARE,19.10,-,MRO-TEK,74.30,,74.50,88.40,-,,9.70
FINANCE - GENERAL,255.00,28.63,MOTILALOFS,508.45,,505.50,535.00,33.19,100.13,30.29
STEEL - MEDIUM & SMALL,27.40,,MUKANDLTD,67.00,,66.40,70.20,,,
COMPUTERS - SOFTWARE - TRAINING,121.00,12.24,MTEDUCARE,149.80,,149.70,200.00,18.00,37.31,28.99
CONSTRUCTION & CONTRACTING - CIVIL,21.65,-,MUKANDENGG,31.00,,30.55,40.75,-,,32.96
AUTO ANCILLARIES,150.00,-,MUNJALSHOW,208.75,,206.95,221.25,-,,18.71
TELECOMMUNICATIONS - SERVICE,15.30,-,MTNL,19.85,,19.90,24.45,-,-0.07,16.91
MEDIA & ENTERTAINMENT,31.15,-,MUKTAARTS,119.45,,120.25,,-,17.76,41.34
CERAMICS & GRANITE,17.95,-,MURUDCERA,38.40,,38.45,40.80,-,,39.35
AUTO ANCILLARIES,61.80,-,MUNJALAU,101.00,,101.35,113.80,-,,25.42
STEEL - SPONGE IRON,7.70,-,MSPL,10.25,,10.00,14.95,-,58.57,21.13
FINANCE - INVESTMENTS,161.20,-,MUTHOOTFIN,349.40,,349.55,406.80,-,,30.29
REFINERIES,50.70,-,MRPL,89.25,,89.40,92.65,-,,12.77
FERTILISERS,8.65,-,NAGAFERT,12.07,,12.10,19.35,-,26.61,14.09
BANKS - PUBLIC SECTOR,349.00,-,MYSOREBANK,550.00,,548.00,747.00,-,,16.46
FINANCE - INVESTMENTS,123.60,-,MUTHOOTCAP,185.00,,181.40,245.00,-,,30.29
CONSTRUCTION & CONTRACTING - REAL ESTATE,0.25,-,MVL,0.38,,0.40,0.55,-,2.76,26.47
TEXTILES - COMPOSITE MILLS,41.15,-,NAHARINDUS,114.05,,114.20,131.30,-,,18.00
TEXTILES - SPINNING - COTTON BLENDED,21.40,-,NAGREEKEXP,36.20,,36.10,44.10,-,,12.93
TEXTILES - HOSIERY & KNITWEAR,79.10,-,NAHARSPING,128.55,,128.70,140.95,-,,19.25
PHARMACEUTICALS,390.00,46.72,NATCOPHARM,605.00,,607.40,702.65,60.32,74.54,29.05
FINANCE - INVESTMENTS,10.00,-,NAGREEKCAP,13.25,,12.70,15.90,-,,30.29
REFINERIES,3.55,-,NAGAROIL,4.92,,4.90,9.15,-,,15.46
ALUMINIUM,29.30,-,NATIONALUM,47.45,,47.25,51.35,-,,30.37
TEXTILES - PROCESSING,0.15,-,NAKODA,0.30,,0.30,0.55,-,-3.56,13.29
STEEL - GP & GC SHEETS,10.20,-,NATNLSTEEL,23.20,,23.55,25.80,-,,13.99
MISCELLANEOUS,688.10,-,NAUKRI,891.20,,892.20,909.00,-,95.87,23.62
PHARMACEUTICALS,59.00,-,NATHBIOGEN,116.05,,117.80,138.90,-,,43.44
PRINTING & STATIONERY,77.00,-,NAVNETEDUL,101.55,,101.80,109.40,-,24.49,19.41
INFRASTRUCTURE - GENERAL,162.45,-,NBCC,276.85,,277.95,,-,,26.47
CHEMICALS,1248.00,-,NAVINFLUOR,2339.00,,2336.90,2523.40,-,658.44,41.92
CONSTRUCTION & CONTRACTING - CIVIL,55.90,11.32,NCC,84.25,,84.20,90.50,42.34,63.19,26.47
MEDIA & ENTERTAINMENT,62.20,-,NDTV,87.35,,86.50,124.00,-,12.71,41.34
PHARMACEUTICALS,32.00,-,NECLIFE,36.85,,36.90,60.90,-,45.04,29.05
CEMENT - MINI,80.00,-,NCLIND,139.50,,139.80,184.50,-,,55.34
TEXTILES - DENIM,97.00,-,NDL,136.50,,136.05,165.90,-,,24.83
PHARMACEUTICALS,491.00,-,NEULANDLAB,1003.00,,1000.60,1080.00,-,209.07,29.05
FOOD PROCESSING,4981.00,-,NESTLEIND,6650.05,,6680.95,7369.00,-,,60.29
FINANCE - GENERAL,38.30,773.33,NETWORK18,46.40,,46.15,64.00,-,15.22,30.29
MISCELLANEOUS,30.55,-,NECCLTD,40.40,,40.25,60.80,-,,30.37
CASTINGS & FORGINGS,50.65,-,NELCAST,61.00,,61.10,76.60,-,35.07,20.47
HOSPITALS & MEDICAL SERVICES,250.00,-,NH,339.65,,337.75,374.00,-,,57.68
FINANCE - INVESTMENTS,68.00,-,NIF100IWIN,94.00,,94.14,112.00,-,,-
TELECOMMUNICATIONS - EQUIPMENT,63.85,10.31,NELCO,86.30,,86.40,128.40,39.41,4.24,9.70
COMPUTERS - SOFTWARE,386.75,8.49,NIITTECH,425.15,,426.00,631.00,-,259.30,18.27
COMPUTERS - SOFTWARE - TRAINING,67.40,-,NIITLTD,97.15,,97.30,107.95,-,48.61,107.20
PLASTICS,885.00,-,NILKAMAL,1348.00,,1348.35,1631.95,-,419.65,37.15
CABLES - POWER & OTHERS,0.25,-,NICCO,0.50,,0.30,0.95,-,-3.36,19.55
BEARINGS,31.20,-,NIBL,43.70,,44.85,79.45,-,,32.51
CERAMICS & GRANITE,28.05,-,NITCO,82.90,,83.10,90.15,-,-17.92,39.35
CONSTRUCTION & CONTRACTING - HOUSING,9.00,-,NILAINFRA,14.07,,14.00,19.80,-,4.20,26.47
DRY CELLS,725.50,-,NIPPOBATRY,1020.50,,1023.95,1301.00,-,,29.45
FINANCE - INVESTMENTS,,-,NIFTYEES,,,9035.00,,-,,-
MISCELLANEOUS,68.50,-,NIFTYIWIN,88.40,,88.92,94.99,-,,-
TEXTILES - SPINNING - COTTON BLENDED,48.00,-,NITINSPIN,71.40,,71.30,86.50,-,,12.93
MISCELLANEOUS,22.90,6.38,NITINFIRE,26.35,,26.35,51.70,-,20.18,137.58
CONSTRUCTION & CONTRACTING - REAL ESTATE,11.00,-,NITESHEST,13.20,,13.35,17.75,-,16.24,26.47
EDIBLE OILS & SOLVENT EXTRACTION,28.00,-,NKIND,34.00,,34.00,47.00,-,,16.77
MINING & MINERALS,75.15,-,NMDC,110.75,,110.85,116.70,-,,12.32
PETROCHEMICALS,37.50,-,NOCIL,79.30,,79.15,,-,29.23,23.47
BEARINGS,103.75,-,NRBBEARING,137.00,,135.40,161.95,-,28.80,32.51
CONSTRUCTION & CONTRACTING - CIVIL,21.50,-,NOIDATOLL,21.95,,21.85,27.95,-,27.85,26.47
POWER - GENERATION & DISTRIBUTION,116.90,-,NTPC,151.80,,152.25,168.80,-,107.93,12.82
FINANCE - GENERAL,551.00,-,NSIL,736.05,,747.25,859.70,-,660.31,30.29
CONSTRUCTION & CONTRACTING - REAL ESTATE,212.00,20.47,OBEROIRLTY,304.15,,305.15,322.95,22.68,156.30,26.47
CHEMICALS,374.90,-,OCCL,705.00,,693.70,763.90,-,274.43,21.19
COMPUTERS - SOFTWARE MEDIUM & SMALL,144.55,11.96,NUCLEUS,180.00,,180.70,290.90,15.97,141.09,18.27
TELECOMMUNICATIONS - SERVICE,0.45,-,NUTEK,0.70,,0.70,1.00,-,39.34,48.24
CEMENT - MAJOR,386.00,-,OCL,894.90,,888.00,920.00,-,254.04,55.34
OIL DRILLING AND EXPLORATION,300.35,-,OIL,415.80,,415.00,467.00,-,374.99,15.46
STEEL - MEDIUM & SMALL,7.35,,OISL,8.02,,8.00,18.00,,,
OIL DRILLING AND EXPLORATION,187.75,-,ONGC,273.75,,273.55,,-,215.94,15.46
CHEMICALS,137.30,8.54,OMKARCHEM,176.00,,174.90,249.90,10.84,94.99,39.10
ENGINEERING,36.50,-,OMMETALS,43.95,,44.10,64.50,-,,32.96
PHARMACEUTICALS,32.30,-,ORCHIDPHAR,38.05,,37.95,67.40,-,5.51,29.05
COMPUTERS - SOFTWARE MEDIUM & SMALL,55.25,17.05,ONWARDTEC,66.15,,66.55,120.90,49.37,23.92,18.27
HOSPITALS & MEDICAL SERVICES,8.05,294.75,OPTOCIRCUI,11.79,,11.75,18.75,-,69.67,33.78
PACKAGING,44.90,12.28,ORICONENT,56.60,,56.35,73.75,56.60,41.00,20.73
AUTO ANCILLARIES,45.50,-,OMAXAUTO,83.00,,83.55,94.20,-,94.36,25.42
BANKS - PUBLIC SECTOR,75.15,-,ORIENTBANK,132.90,,132.85,157.50,-,,16.46
CERAMICS & GRANITE,114.05,-,ORIENTBELL,187.70,,187.40,215.00,-,126.45,39.35
CERAMICS & GRANITE,2.00,-,ORIENTALTL,5.95,,5.85,17.05,-,,18.00
TEXTILES - WEAVING,205.30,14.71,ORBTEXP,270.00,,263.45,420.00,-,78.33,16.97
CONSTRUCTION & CONTRACTING - REAL ESTATE,5.10,-,ORBITCORP,5.62,,5.55,9.50,-,38.51,26.47
ABRASIVES,26.75,-,ORIENTABRA,30.80,,30.95,58.80,-,1.00,38.41
COMPUTERS - SOFTWARE MEDIUM & SMALL,87.80,7.34,ONMOBILE,103.00,,103.00,140.80,-,57.55,16.91
DIVERSIFIED,23.35,-,ORIENTPPR,79.70,,79.70,84.70,-,,16.44
CEMENT - MAJOR,126.95,-,ORIENTCEM,227.35,,225.70,,-,,55.34
MINING & MINERALS,1378.80,-,ORISSAMINE,1990.05,,1994.65,2435.00,-,,12.32
CEMENT - PRODUCTS & BUILDING MATERIALS,70.50,-,ORIENTREF,114.60,,114.15,117.90,-,,93.77
HOTELS,19.40,-,ORIENTHOT,26.50,,26.45,31.40,-,18.96,48.66
PRINTING & STATIONERY,52.80,-,ORIENTLTD,63.55,,63.25,77.95,-,,19.41
SUGAR,17.00,-,OUDHSUG,104.15,,104.00,161.00,-,-35.49,25.72
MEDIA & ENTERTAINMENT,122.40,-,ORTEL,154.70,,150.05,226.00,-,,41.34
PHARMACEUTICALS,13.55,-,ORTINLABSS,17.50,,17.20,42.20,-,,29.05
COMPUTERS - SOFTWARE MEDIUM & SMALL,45.50,-,PALREDTEC,72.90,,71.20,143.00,-,50.18,18.27
TEXTILES - READYMADE APPARELS,9752.35,-,PAGEIND,15540.55,,15571.10,,-,,36.43
AUTO ANCILLARIES,9.70,-,PAEL,10.38,,10.70,19.60,-,-13.26,60.28
COMPUTERS - SOFTWARE MEDIUM & SMALL,9.20,-,PANORAMUNI,9.76,,9.85,17.55,-,25.35,18.27
CHEMICALS,52.10,9.40,PANAMAPET,71.60,,71.15,78.40,11.05,67.54,39.10
PACKAGING,176.00,10.65,PAPERPROD,263.00,,265.50,326.45,21.47,84.71,20.73
FOOD PROCESSING,201.75,-,PARAGMILK,309.35,,308.60,357.00,-,,60.29
CABLES - TELEPHONE,1.90,-,PARACABLES,3.32,,3.35,5.30,-,-27.60,22.28
CONSTRUCTION & CONTRACTING - CIVIL,43.30,5.39,PATELENG,101.55,,101.50,120.70,-,246.43,26.47
PACKAGING,0.45,-,PARAPRINT,0.91,,0.90,1.10,-,,20.73
TRANSPORT & LOGISTICS,76.00,-,PATINTLOG,88.65,,89.10,143.50,-,,45.95
DIAMOND CUTTING & JEWELLERY & PRECIOUS METALS,295.80,-,PCJEWELLER,493.55,,494.95,531.00,-,129.89,25.22
TEXTILES - MANMADE,0.15,-,PARASPETRO,0.20,,0.20,0.35,-,,17.38
MINING & MINERALS,15.00,-,PARRYSUGAR,40.00,,39.00,72.90,-,-23.26,16.44
CONSTRUCTION & CONTRACTING - REAL ESTATE,12.90,-,PARSVNATH,14.30,,13.90,30.15,-,60.57,26.47
CONSTRUCTION & CONTRACTING - CIVIL,11.25,-,PBAINFRA,20.05,,20.25,29.65,-,,48.24
PAPER,13.45,-,PDUMJEPULP,18.15,,18.45,55.95,-,21.29,16.87
PAPER,12.00,-,PDMJEPAPER,14.00,,14.00,16.95,-,,16.87
PHARMACEUTICALS,26.75,-,PDPL,28.50,,28.35,82.65,-,14.80,29.05
TEXTILES - SPINNING - COTTON BLENDED,6.65,-,PATSPINLTD,9.40,,9.20,14.00,-,,12.93
PHARMACEUTICALS,832.25,25.02,PEL,1894.00,,1894.55,2097.00,33.39,719.86,29.05
PAPER,8.90,-,PDUMJEIND,10.00,,10.10,25.40,-,10.77,16.87
CONSTRUCTION & CONTRACTING - HOUSING,16.00,-,PENINLAND,19.90,,19.95,26.80,-,51.33,26.47
STEEL - CR & HR STRIPS,39.25,8.82,PENIND,47.20,,47.15,61.00,12.49,41.06,20.82
TEXTILES - GENERAL,150.25,10.33,PDSMFL,169.00,,168.90,239.95,15.75,184.70,23.40
PLASTICS,10.95,-,PEARLPOLY,20.50,,20.35,27.40,-,,37.15
MISCELLANEOUS,121.55,-,PENPEBS,187.00,,186.45,204.35,-,,24.53
ENGINEERING,145.00,,PETRONENGG,182.80,,182.15,274.65,,,
OIL DRILLING AND EXPLORATION,174.00,-,PETRONET,367.80,,367.35,,-,,25.64
FINANCE - TERM LENDING INSTITUTIONS,70.13,-,PFC,125.85,,125.70,128.38,-,135.47,5.08
MEDIA & ENTERTAINMENT,40.20,10.41,PFOCUS,69.10,,69.65,81.00,-,31.95,41.34
FINANCE - TERM LENDING INSTITUTIONS,29.70,-,PFS,38.90,,38.55,52.25,-,,30.29
CONSUMER GOODS - ELECTRONIC,75.05,-,PGEL,155.00,,156.40,201.80,-,86.82,22.18
PERSONAL CARE,5178.65,-,PGHH,6886.45,,6904.65,7121.00,-,,52.07
TEXTILES - READYMADE APPARELS,152.05,6.47,PGIL,164.00,,163.85,257.25,9.35,157.24,36.43
CHEMICALS,80.00,-,PHILIPCARB,258.05,,257.80,278.00,-,150.60,21.19
AUTO ANCILLARIES,88.05,12.34,PHOENIXLL,167.00,,167.80,172.85,16.25,50.86,29.13
CONSTRUCTION & CONTRACTING - REAL ESTATE,239.05,21.68,PHOENIXLTD,391.35,,392.95,448.95,60.49,107.11,26.47
BREWERIES & DISTILLERIES,82.40,-,PIONDIST,242.05,,242.10,385.00,-,,42.57
BREWERIES & DISTILLERIES,60.05,-,PINCON,73.05,,73.15,89.40,-,,42.57
PHARMACEUTICALS,47.10,-,PIRPHYTO,108.00,,107.05,140.60,-,,29.05
ENGINEERING,26.25,-,PITTILAM,52.50,,52.70,66.90,-,,24.53
PESTICIDES & AGRO CHEMICALS,497.55,-,PIIND,841.05,,839.85,878.95,-,85.46,40.05
BANKS - PUBLIC SECTOR,69.25,-,PNB,145.85,,145.70,150.55,-,183.24,16.46
PLASTICS,322.30,-,PLASTIBLEN,428.95,,428.30,523.25,-,,37.15
PLASTICS,2.00,-,PILITA,12.83,,12.80,,-,,37.15
FINANCE - GENERAL,1043.50,-,PILANIINVS,1485.00,,1472.00,1723.80,-,1490.89,30.29
FINANCE - INVESTMENTS,21.60,-,PNBGILTS,26.70,,26.60,28.80,-,,30.29
CONSTRUCTION & CONTRACTING - REAL ESTATE,88.82,8.42,PNCINFRA,116.80,,117.00,134.90,12.14,51.05,26.47
PLANTATIONS - TEA & COFFEE,104.55,-,PKTEA,,,143.35,315.00,-,319.63,21.07
MISCELLANEOUS,400.00,-,PNEUMATIC,854.35,,875.85,884.00,-,,30.29
HOSPITALS & MEDICAL SERVICES,234.00,-,POLYMED,384.15,,382.90,445.00,-,51.83,33.78
COMPUTERS - SOFTWARE,157.55,10.65,POLARIS,162.75,,163.05,217.50,12.85,94.75,18.27
MEDIA & ENTERTAINMENT,12.50,-,PNC,19.40,,19.55,30.60,-,52.99,41.34
MISCELLANEOUS,,-,POCHIRAJU,7.60,,7.60,21.25,-,,8.70
PACKAGING,197.40,4.47,POLYPLEX,332.45,,333.60,353.60,36.61,725.55,20.73
CERAMICS & GRANITE,702.25,6.69,POKARNA,790.00,,796.00,979.95,8.91,156.09,18.00
AUTO ANCILLARIES,109.30,-,PPAP,178.50,,179.20,185.00,-,,37.15
INFRASTRUCTURE - GENERAL,452.00,-,POWERMECH,503.30,,495.55,702.20,-,,32.96
POWER - GENERATION & DISTRIBUTION,126.20,-,POWERGRID,180.70,,181.00,187.70,-,82.13,17.16
SUGAR,130.00,-,PONNIERODE,200.00,,200.30,357.05,-,,25.72
FOOD PROCESSING,71.00,-,PRABHAT,123.75,,123.55,169.00,-,,60.29
ENGINEERING - HEAVY,70.20,14.24,PRAJIND,82.00,,82.25,105.30,21.41,37.07,25.50
DIVERSIFIED,22.80,-,PRAKASH,53.85,,53.60,59.00,-,,16.44
CONSTRUCTION & CONTRACTING - HOUSING,5.55,-,PRAENG,9.30,,9.40,11.50,-,85.25,26.47
CONSTRUCTION & CONTRACTING - CIVIL,1.80,-,PRAKASHCON,19.70,,19.70,20.05,-,9.09,26.47
STEEL - TUBES & PIPES,1.20,-,PRAKASHSTL,1.58,,1.60,15.90,-,,11.75
CONSTRUCTION & CONTRACTING - CIVIL,16.60,3.65,PRATIBHA,17.25,,17.25,51.00,-,70.80,48.24
AUTO ANCILLARIES,126.90,,PRECAM,142.10,,140.70,186.00,,,
METALS - NON FERROUS,62.00,-,PRECWIRE,126.75,,126.00,,-,,83.43
CHEMICALS,323.75,-,PREMEXPLN,343.70,,339.90,394.50,-,,51.86
MEDIA & ENTERTAINMENT,32.00,-,PRESSMN,45.15,,45.10,74.50,-,,41.34
CONSTRUCTION & CONTRACTING - REAL ESTATE,129.55,17.52,PRESTIGE,200.30,,201.30,224.85,27.78,110.50,26.47
AUTO ANCILLARIES,30.05,-,PRICOL,118.95,,119.05,124.40,-,28.09,25.42
TEXTILES - SPINNING - COTTON BLENDED,33.30,-,PRECOT,,,61.95,70.00,-,111.45,12.93
CEMENT - MAJOR,55.00,-,PRISMCEM,106.70,,106.60,118.60,-,20.19,55.34
FINANCE - INVESTMENTS,3.10,-,PRIMESECU,29.00,,28.95,,-,-0.10,30.29
RETAIL,2.90,-,PROVOGE,4.30,,4.30,9.80,-,13.29,49.33
RETAIL,23.85,19.55,PROZONINTU,27.95,,27.85,37.95,49.91,36.09,26.47
BANKS - PUBLIC SECTOR,31.65,-,PSB,52.90,,52.65,58.80,-,,16.46
PLASTICS,13.15,-,PREMIERPOL,26.50,,25.00,32.00,-,,11.47
FINANCE - INVESTMENTS,210.71,-,PSUBNKBEES,364.00,,362.78,373.34,-,,-
STEEL - TUBES & PIPES,5.70,0.32,PSL,6.20,,6.25,13.30,-,-131.39,11.75
CHEMICALS,109.00,-,PUNJABCHEM,188.30,,189.55,236.50,-,49.94,33.24
INFRASTRUCTURE - GENERAL,17.70,-,PUNJLLOYD,23.35,,23.35,31.65,-,-39.49,26.47
TYRES,61.30,-,PTL,123.00,,120.65,150.00,-,18.59,11.67
MEDIA & ENTERTAINMENT,645.25,25.27,PVR,1236.60,,1241.50,1334.80,55.85,114.06,41.34
TEXTILES - COMPOSITE MILLS,,-,RAIREKMOH,89.25,,,,-,,18.00
COMPUTERS - SOFTWARE,181.00,-,QUICKHEAL,231.55,,231.45,330.00,-,86.66,18.27
ENGINEERING,317.00,-,QUESS,593.65,,593.35,651.00,-,,65.18
CEMENT - MAJOR,25.50,3.38,RAIN,50.40,,50.50,54.80,9.73,87.34,55.34
CONSTRUCTION & CONTRACTING - REAL ESTATE,42.50,15.87,PURVA,46.65,,46.55,69.25,20.55,97.21,26.47
PAPER,1.95,-,RAINBOWPAP,4.33,,4.30,55.85,-,-3.29,16.87
FINANCE - INVESTMENTS,715.55,-,QNIFTY,930.50,,924.40,1022.00,-,,-
FINANCE - INVESTMENTS,1145.15,-,QGOLDHALF,1406.80,,1402.45,1450.00,-,,-
DIAMOND CUTTING & JEWELLERY & PRECIOUS METALS,421.05,-,RAJESHEXPO,471.10,,469.65,744.80,-,,25.22
CONSTRUCTION & CONTRACTING - REAL ESTATE,4.05,-,PVP,4.43,,4.40,7.20,-,17.75,26.47
SUGAR,18.10,-,RAJSREESUG,57.35,,57.35,89.45,-,0.51,25.72
TEXTILES - PROCESSING,,-,RAJRAYON,0.30,,0.25,0.65,-,,13.29
CEMENT - PRODUCTS & BUILDING MATERIALS,79.20,8.14,RAMCOIND,190.20,,190.35,,9.28,90.36,37.13
STEEL - MEDIUM & SMALL,84.00,-,RAMASTEEL,130.00,,129.10,141.00,-,,11.75
PAPER,10.30,-,RAMANEWS,26.40,,26.40,34.75,-,,16.87
PESTICIDES & AGRO CHEMICALS,142.00,14.17,RALLIS,239.50,,240.25,,16.39,46.23,40.05
TEXTILES - SPINNING - SYNTHETIC BLENDED,38.35,-,RAJVIR,40.00,,43.50,63.00,-,,23.40
CONSTRUCTION & CONTRACTING - CIVIL,27.15,-,RAMKY,75.60,,74.95,95.90,-,128.64,26.47
COMPUTERS - SOFTWARE,435.50,17.52,RAMCOSYS,460.00,,460.40,849.00,42.09,206.56,18.27
CEMENT - MAJOR,330.05,18.39,RAMCOCEM,633.55,,634.65,,27.23,128.07,55.34
AUTO ANCILLARIES,442.00,-,RANEENGINE,727.25,,730.80,809.40,-,,49.07
SUGAR,2.55,-,RANASUG,11.11,,11.10,17.55,-,,25.72
STEEL - MEDIUM & SMALL,1.30,-,RAMSARUP,2.04,,1.75,3.60,-,,27.98
AUTO ANCILLARIES,482.05,6.94,RANEHOLDIN,837.35,,837.95,985.00,20.49,413.76,30.29
EDIBLE OILS & SOLVENT EXTRACTION,,-,RASOYPR,0.17,,0.15,0.35,-,0.49,16.77
TEXTILES - WOOLLEN & WORSTED,350.00,13.75,RAYMOND,567.55,,566.50,,39.06,265.78,39.00
STEEL - TUBES & PIPES,396.40,-,RATNAMANI,565.00,,563.45,688.40,-,,11.75
AUTO ANCILLARIES,266.30,-,RBL,1173.65,,1170.95,1399.00,-,,49.65
BANKS - PRIVATE SECTOR,225.00,-,RBLBANK,297.95,,297.55,316.50,-,,-
TELECOMMUNICATIONS - SERVICE,42.10,2.53,RCOM,46.80,,46.85,91.75,20.89,148.12,16.91
SHIPPING,52.65,-,RDEL,62.30,,62.30,113.95,-,27.50,34.81
FINANCE - TERM LENDING INSTITUTIONS,76.13,-,RECLTD,129.30,,129.35,148.78,-,146.30,5.08
FERTILISERS,35.15,-,RCF,46.50,,46.25,53.85,-,51.27,14.09
CHEMICALS,6.30,-,REFEX,15.17,,15.25,25.25,-,,32.16
COMPUTERS - HARDWARE,95.05,9.03,REDINGTON,108.60,,108.05,129.55,9.93,69.71,25.22
FINANCE - INVESTMENTS,303.25,12.17,RELCAPITAL,567.15,,567.25,595.80,12.94,559.81,30.29
FOOD PROCESSING,0.30,0.11,REIAGROLTD,0.55,,0.55,0.95,0.12,39.67,60.29
LEATHER PRODUCTS,357.65,-,RELAXO,466.45,,467.60,564.40,-,,29.94
CERAMICS & GRANITE,2.75,-,REGENCERAM,4.10,,4.05,4.35,-,,39.35
FINANCE - INVESTMENTS,1455.00,-,RELBANK,2142.00,,2141.05,2241.30,-,,-
FINANCE - INVESTMENTS,70.01,-,RELCNX100,89.15,,91.75,99.90,-,,-
POWER - GENERATION & DISTRIBUTION,350.25,5.15,RELINFRA,589.75,,590.15,635.70,7.71,1025.52,12.82
FINANCE - INVESTMENTS,224.50,-,RELIGARE,265.95,,269.85,326.70,-,215.21,30.29
FINANCE - GENERAL,14.00,-,RELDIVOPP,,,23.05,23.15,-,,-
FINANCE - HOUSING,551.00,-,REPCOHOME,849.60,,848.95,899.95,-,153.99,28.33
SUGAR,7.45,2.41,RENUKA,15.75,,15.70,19.15,-,-40.54,25.72
FINANCE - INVESTMENTS,2200.25,-,RELGOLD,2725.10,,2738.65,2777.75,-,,-
REFINERIES,861.85,8.67,RELIANCE,1095.20,,1096.35,1129.55,12.66,749.60,16.44
AUTO ANCILLARIES,27.80,9.98,RICOAUTO,64.55,,64.60,69.35,21.45,34.78,33.17
FINANCE - INVESTMENTS,70.25,-,RELNIFTY,90.70,,91.11,93.47,-,,-
AUTO ANCILLARIES,32.10,-,REMSONSIND,51.90,,50.45,59.75,-,,24.27
PRINTING & STATIONERY,320.10,118.87,REPRO,422.00,,420.10,559.00,-,167.55,19.41
INFRASTRUCTURE - GENERAL,315.60,-,RIIL,431.10,,431.40,538.80,-,,32.96
BREWERIES & DISTILLERIES,5.00,-,RKDL,15.11,,15.20,17.00,-,,42.57
CASTINGS & FORGINGS,266.90,-,RKFORGE,360.00,,358.10,665.00,-,163.79,35.35
PLASTICS,67.10,10.34,RESPONIND,75.00,,75.00,119.80,97.40,33.04,37.15
COMPRESSORS,512.00,7.31,REVATHI,703.50,,710.00,889.85,7.92,489.76,43.41
DIAMOND CUTTING & JEWELLERY & PRECIOUS METALS,70.70,4.11,RJL,136.55,,136.05,184.25,5.39,241.82,25.22
MINING & MINERALS,3.40,-,ROHITFERRO,5.23,,5.15,8.45,-,-22.94,30.81
AUTO ANCILLARIES,266.00,-,RML,507.00,,505.75,562.40,-,,33.17
COMPUTERS - SOFTWARE,60.30,1.47,ROLTA,62.60,,62.65,111.90,5.96,90.17,18.27
PHARMACEUTICALS,175.00,-,RPGLIFE,495.75,,497.30,534.40,-,,29.05
PACKAGING,6.60,,RMCL,8.53,,8.55,30.40,,,
MINING & MINERALS,0.65,-,RMMIL,0.76,,0.80,1.75,-,19.19,12.32
HOTELS,45.20,17.76,ROHLTD,65.70,,66.00,115.40,-,58.68,48.66
PLANTATIONS - TEA & COFFEE,80.10,-,ROSSELLIND,105.20,,106.25,173.65,-,47.18,21.07
COMPUTERS - SOFTWARE MEDIUM & SMALL,57.50,10.81,RSSOFTWARE,74.45,,74.75,176.50,14.15,89.19,18.27
FINANCE - INVESTMENTS,10.00,,RRSLGETF,,,16.34,,,,
CONSTRUCTION & CONTRACTING - CIVIL,101.00,17.31,RPPINFRA,194.55,,194.10,215.95,21.43,81.64,26.47
TEXTILES - SPINNING - SYNTHETIC BLENDED,251.50,-,RSWM,455.85,,455.45,484.90,-,217.30,9.71
TEXTILES - COMPOSITE MILLS,121.00,-,RUBYMILLS,491.50,,491.65,518.40,-,,18.00
POWER - GENERATION & DISTRIBUTION,6.50,50.33,RTNPOWER,9.06,,9.05,13.50,-,16.92,12.82
PAPER,42.60,-,RUCHIRA,89.10,,89.60,,-,,16.87
MISCELLANEOUS,169.10,-,RUSHIL,565.25,,570.00,,-,,51.93
INFRASTRUCTURE - GENERAL,197.15,-,SADBHAV,279.20,,278.25,370.00,-,104.79,26.47
EDIBLE OILS & SOLVENT EXTRACTION,4.00,-,RUCHINFRA,4.35,,4.50,9.20,-,8.88,16.77
CEMENT - MINI,353.50,-,SAGCEM,729.00,,736.50,759.00,-,,55.34
TRADING,32.55,-,SAKUMA,66.85,,66.65,103.80,-,76.54,28.61
STEEL - LARGE,33.50,-,SAIL,48.80,,48.80,58.15,-,96.67,8.27
MEDIA & ENTERTAINMENT,221.10,,SABTN,260.90,,259.00,434.00,,,
COMPUTERS - SOFTWARE,130.00,10.36,SAKSOFT,198.80,,200.10,474.40,10.92,124.09,18.27
INFRASTRUCTURE - GENERAL,71.05,-,SADBHIN,108.80,,108.25,121.00,-,,32.96
CONSUMER GOODS - ELECTRONIC,38.00,-,SALORAINTL,50.05,,51.00,66.70,-,126.64,2.87
STEEL - MEDIUM & SMALL,1.50,-,SALSTEEL,2.99,,2.80,4.35,-,,8.27
EDIBLE OILS & SOLVENT EXTRACTION,17.80,-,RUCHISOYA,21.90,,21.85,34.55,-,36.77,16.77
TEXTILES - HOSIERY & KNITWEAR,229.20,28.27,RUPA,288.90,,285.70,404.90,-,46.20,19.25
SUGAR,15.05,3.91,SAKHTISUG,38.20,,38.20,55.90,-,2.74,25.72
ELECTRIC EQUIPMENT,158.95,-,SALZERELEC,218.50,,217.70,267.00,-,,50.69
PHARMACEUTICALS,3850.00,-,SANOFI,4190.00,,4187.45,4768.00,-,,29.05
ENGINEERING - HEAVY,225.05,-,SANGHVIMOV,241.10,,241.35,380.25,-,,25.50
CASTINGS & FORGINGS,33.30,-,SANGHVIFOR,38.30,,38.65,68.80,-,29.28,35.35
TEXTILES - SPINNING - SYNTHETIC BLENDED,235.10,-,SANGAMIND,254.00,,254.75,324.90,-,,9.71
PRINTING & STATIONERY,3.55,-,SAMBHAAV,6.60,,6.45,9.50,-,,19.41
PRINTING & STATIONERY,650.10,-,SANDESH,1036.00,,1029.30,1064.00,-,,19.41
STEEL - SPONGE IRON,75.50,-,SARDAEN,207.00,,206.85,224.00,-,337.78,21.13
EDIBLE OILS & SOLVENT EXTRACTION,4.05,-,SANWARIA,5.85,,6.00,9.30,-,,16.77
COMPUTERS - SOFTWARE,231.15,2.81,SASKEN,346.80,,347.85,430.90,2.90,281.61,18.27
STEEL - PIG IRON,27.10,-,SATHAISPAT,72.50,,71.60,100.00,-,,12.60
MISCELLANEOUS,241.00,-,SATIN,602.00,,595.10,716.00,-,,30.29
BANKS - PUBLIC SECTOR,451.05,-,SBBJ,699.00,,695.80,749.25,-,,16.46
TEXTILES - PROCESSING,47.31,9.72,SARLAPOLY,70.50,,70.35,91.20,13.06,32.90,13.29
BREWERIES & DISTILLERIES,150.05,-,SDBL,169.00,,167.85,210.90,-,,42.57
BANKS - PUBLIC SECTOR,360.00,-,SBT,545.05,,545.85,597.90,-,,16.46
BANKS - PUBLIC SECTOR,148.25,18.62,SBIN,259.25,,259.75,271.60,23.53,230.87,16.46
TEXTILES - GENERAL,2.90,-,SELMCL,3.17,,3.15,5.55,-,20.44,23.40
OIL DRILLING AND EXPLORATION,149.00,-,SELAN,183.50,,183.95,261.90,-,,15.46
FINANCE - INVESTMENTS,146.50,16.31,SEINV,219.00,,217.65,320.00,18.10,128.10,30.29
SHIPPING,63.50,,SEAMECLTD,90.50,,90.80,126.00,,,
PAPER,191.80,-,SESHAPAPER,535.00,,527.35,544.95,-,350.71,16.87
POWER - GENERATION & DISTRIBUTION,126.00,-,SCHNEIDER,140.00,,139.75,184.90,-,,50.69
SHIPPING,54.35,-,SCI,69.35,,69.25,101.00,-,,9.31
PHARMACEUTICALS,106.30,206.45,SEQUENT,128.00,,128.60,186.00,-,35.34,29.05
MISCELLANEOUS,68.40,-,SETFNIF50,,,89.10,94.99,-,,-
AUTO ANCILLARIES,36.60,-,SETCO,42.40,,42.40,55.05,-,13.86,19.79
PAPER,3.00,-,SERVALL,3.51,,3.40,4.45,-,,16.87
FINANCE - INVESTMENTS,2315.00,-,SETFGOLD,2855.50,,2863.75,2920.00,-,,-
STEEL - MEDIUM & SMALL,95.20,9.41,SFCL,104.00,,104.55,144.95,31.23,33.75,30.81
FINANCE - INVESTMENTS,137.00,-,SETFNIFBK,,,199.39,208.00,-,,-
FINANCE - INVESTMENTS,155.01,-,SETFNN50,,,240.60,,-,,-
DIAMOND CUTTING & JEWELLERY & PRECIOUS METALS,5.00,,SGJHL,5.60,,5.45,13.00,,,
CASTINGS & FORGINGS,1.80,0.15,SGFL,2.41,,2.20,2.65,-,-57.44,35.35
GLASS & GLASS PRODUCTS,4.15,-,SEZAL,5.48,,5.55,12.25,-,,42.11
PUMPS,95.15,-,SHAKTIPUMP,128.90,,128.40,184.00,-,102.58,38.95
TEXTILES - GENERAL,2.55,-,SGL,17.90,,17.80,18.90,-,,23.40
PAINTS & VARNISHES,88.70,-,SHALPAINTS,198.20,,198.00,223.50,-,33.38,55.24
ENGINEERING,77.35,-,SHANTIGEAR,124.00,,123.70,143.40,-,,49.82
PESTICIDES & AGRO CHEMICALS,202.85,-,SHARDACROP,387.05,,389.25,417.00,-,,40.05
STEEL - MEDIUM & SMALL,4.00,-,SHAHALLOYS,10.50,,10.85,14.35,-,,7.30
PHARMACEUTICALS,8.20,-,SHARONBIO,11.40,,11.40,32.50,-,-16.41,29.05
PHARMACEUTICALS,355.00,35.17,SHILPAMED,603.90,,603.85,639.00,44.87,84.40,29.05
AUTO ANCILLARIES,733.60,-,SHARDAMOTR,1169.30,,1161.45,1438.00,-,415.01,25.42
CABLES - TELEPHONE,44.00,13.44,SHILPI,203.60,,204.30,211.30,14.34,65.92,22.28
FINANCE - INVESTMENTS,171.50,-,SHARIABEES,188.50,,201.50,219.00,-,,-
TEXTILES - SPINNING - COTTON BLENDED,45.00,-,SHIVTEX,197.50,,200.70,209.75,-,,12.93
MEDIA & ENTERTAINMENT,221.10,-,SHEMAROO,317.45,,315.90,374.90,-,,41.34
AUTO ANCILLARIES,39.55,-,SHIVAMAUTO,48.10,,48.05,74.30,-,,25.42
MINING & MINERALS,46.30,-,SHIRPUR-G,157.75,,158.20,178.90,-,,12.32
FERTILISERS,61.60,-,SHREEPUSHK,151.30,,152.05,,-,,41.92
DIAMOND CUTTING & JEWELLERY & PRECIOUS METALS,2.00,0.82,SHRENUJ,2.16,,2.15,38.50,1.29,47.38,25.22
PACKAGING,3.65,-,SHREERAMA,8.99,,8.70,10.90,-,,20.73
SHIPPING,133.85,11.82,SHREYAS,311.10,,310.05,529.00,17.49,108.71,9.31
FINANCE - LEASING & HIRE PURCHASE,1332.25,-,SHRIRAMCIT,2197.00,,2194.15,2348.95,-,705.09,30.29
PAPER,24.65,-,SHREYANIND,68.50,,67.15,74.90,-,,16.87
ENGINEERING - HEAVY,19.85,15.18,SHRIRAMEPC,24.75,,24.50,38.35,-,11.83,32.96
AUTO ANCILLARIES,10.00,-,SHRIPISTON,,,1283.55,2972.80,-,,-
MISCELLANEOUS,,-,SHRIASTER,,,1.50,5.00,-,,-
INFRASTRUCTURE - GENERAL,968.60,-,SIEMENS,1258.05,,1257.10,1396.40,-,143.71,39.97
TELECOMMUNICATIONS - EQUIPMENT,26.40,-,SHYAMTEL,30.40,,30.35,51.55,-,12.56,9.70
FINANCE - INVESTMENTS,16.00,-,SIGNET,34.90,,35.30,74.50,-,,23.47
CHEMICALS,19.75,-,SIL,27.80,,27.35,32.20,-,6.63,16.38
TRADING,117.00,14.25,SICAL,173.90,,173.45,191.75,49.12,82.13,45.95
CONSTRUCTION & CONTRACTING - CIVIL,185.00,6.16,SIMPLEXINF,332.20,,333.70,364.00,-,320.97,26.47
SUGAR,8.85,-,SIMBHALS,31.80,,31.25,61.45,-,,25.72
DIVERSIFIED,62.40,4.53,SINTEX,81.35,,81.20,106.86,6.70,99.33,16.44
MEDIA & ENTERTAINMENT,30.35,19.37,SITINET,35.45,,35.40,41.70,-,7.45,41.34
MISCELLANEOUS,4.15,-,SHYAMCENT,6.80,,6.50,10.25,-,,30.81
TEXTILES - SPINNING - COTTON BLENDED,64.05,-,SILINV,101.00,,101.00,114.80,-,197.12,30.29
CONSTRUCTION & CONTRACTING - CIVIL,20.40,-,SIMPLEX,25.50,,25.85,45.45,-,75.94,26.47
POWER - GENERATION & DISTRIBUTION,25.05,-,SJVN,29.00,,28.95,34.40,-,,12.82
BEARINGS,1057.55,-,SKFINDIA,1400.00,,1409.25,1472.40,-,,32.51
INFRASTRUCTURE - GENERAL,17.25,525.00,SKIL,,,26.25,46.30,-,85.50,26.47
TEXTILES - WEAVING,905.25,-,SIYSIL,1418.30,,1419.50,,-,,16.97
FOOD PROCESSING,8.70,-,SITASHREE,10.00,,9.85,16.95,-,21.73,60.29
COMPUTERS - HARDWARE,70.00,-,SMARTLINK,84.80,,86.40,111.70,-,177.23,25.22
FOOD PROCESSING,56.40,-,SKMEGGPROD,,,70.25,225.00,-,34.15,60.29
MISCELLANEOUS,121.95,-,SKIPPER,157.10,,157.00,219.90,-,,24.53
CHEMICALS,567.06,28.98,SOLARINDS,655.50,,656.00,759.45,34.52,95.87,51.86
CONSTRUCTION & CONTRACTING - REAL ESTATE,230.00,14.17,SOBHA,300.05,,299.55,348.75,20.41,261.20,26.47
STEEL - ROLLING,2.00,-,SMPL,2.43,,2.40,4.30,-,28.29,11.83
AUTO - LCVS & HCVS,638.80,-,SMLISUZU,1249.00,,1244.85,1452.80,-,,117.53
CERAMICS & GRANITE,320.00,-,SOMANYCERA,619.00,,615.55,659.80,-,101.03,39.35
TEXTILES - COMPOSITE MILLS,3.50,-,SOMATEX,10.36,,10.30,,-,,18.00
PHARMACEUTICALS,68.31,-,SMSPHARMA,104.50,,104.95,137.15,-,,29.05
RUBBER,31.90,-,SOMICONVEY,39.65,,39.90,54.95,-,,23.62
COMPUTERS - SOFTWARE MEDIUM & SMALL,125.65,10.23,SONATSOFTW,158.90,,158.75,186.00,10.63,44.79,18.27
BANKS - PRIVATE SECTOR,16.35,-,SOUTHBANK,23.85,,23.85,25.40,-,,22.60
LUBRICANTS,432.60,-,SOTL,710.00,,707.60,,-,,25.64
HOTELS,80.00,-,SPECIALITY,89.90,,88.45,164.50,-,,48.66
PHARMACEUTICALS,243.53,-,SPARC,329.00,,329.70,414.90,-,,23.62
TEXTILES - GENERAL,268.00,-,SPAL,350.70,,349.90,360.80,-,,-
AUTO ANCILLARIES,37.05,10.34,SONASTEER,71.15,,71.25,,37.06,17.48,49.82
TEXTILES - SPINNING - COTTON BLENDED,1.30,-,SPENTEX,7.66,,7.50,,-,-54.69,12.93
FINANCE - INVESTMENTS,,-,SPECTACLE,0.61,,,,-,-0.31,30.29
FERTILISERS,16.10,-,SPIC,21.20,,21.10,27.20,-,12.87,14.09
COMPUTERS - HARDWARE,11.90,-,SPICEMOBI,15.10,,15.05,35.40,-,13.24,9.70
TEXTILES - READYMADE APPARELS,15.20,-,SPLIL,29.20,,29.60,44.40,-,14.39,36.43
CONSTRUCTION & CONTRACTING - CIVIL,49.20,-,SPMLINFRA,68.00,,67.95,109.85,-,127.51,32.96
MEDIA & ENTERTAINMENT,38.00,-,SPHEREGSL,70.70,,70.05,84.95,-,,18.27
COMPUTERS - SOFTWARE,650.00,21.73,SQSBFSI,839.55,,839.25,1291.00,24.09,102.01,18.27
TEXTILES - MANMADE,1023.00,14.42,SRF,1865.65,,1866.90,,23.60,457.26,30.36
TEXTILES - MANMADE,1.00,-,SPYL,1.53,,1.50,2.55,-,,13.29
LEATHER PRODUCTS,105.00,-,SREEL,,,174.00,199.00,-,,29.94
CHEMICALS,46.00,-,SRHHYPOLTD,128.50,,127.70,131.40,-,,17.50
STEEL - PIG IRON,184.10,-,SRIPIPES,297.30,,300.20,356.45,-,,12.60
AUTO ANCILLARIES,282.40,-,SSWL,627.25,,627.80,,-,,24.77
COMPUTERS - SOFTWARE MEDIUM & SMALL,0.15,-,SRGINFOTEC,0.27,,0.35,0.40,-,,18.27
MEDIA & ENTERTAINMENT,6.00,3.18,SRSLTD,6.71,,6.65,27.05,4.69,24.08,25.22
PAPER,25.00,-,STARPAPER,101.75,,102.00,113.95,-,,16.87
FINANCE - INVESTMENTS,29.00,8.36,STAMPEDE,32.00,,31.90,46.65,10.13,6.17,30.29
FINANCE - LEASING & HIRE PURCHASE,736.95,25.97,SRTRANSFIN,1220.10,,1213.35,1324.40,-,448.49,30.29
TEXTILES - SPINNING - COTTON BLENDED,7.70,-,STINDIA,9.55,,9.00,26.95,-,,12.93
PHARMACEUTICALS,2.95,,STERLINBIO,4.00,,4.00,7.90,,,
TEXTILES - READYMADE APPARELS,28.00,-,STOREONE,165.60,,164.70,247.40,-,75.60,49.33
FASTENERS,327.50,-,STERTOOLS,805.00,,804.90,,-,,21.50
DYES & PIGMENTS,78.00,-,SUDARSCHEM,394.85,,393.95,455.35,-,45.35,26.09
POWER - TRANSMISSION & EQUIPMENT,7.25,0.64,SUJANATWR,9.32,,9.30,18.65,-,139.77,17.16
DOMESTIC APPLIANCES,1.00,0.27,SUJANAUNI,1.41,,1.45,2.35,-,47.28,49.94
FINANCE - INVESTMENTS,219.95,,SUMMITSEC,448.00,,444.10,,,,
AUTO ANCILLARIES,1755.45,-,SUNCLAYLTD,2600.00,,2623.95,2777.00,-,658.35,49.65
AUTO ANCILLARIES,73.00,-,SUBROS,131.20,,131.00,143.75,-,55.86,48.01
TEXTILES - GENERAL,,-,SUDAR,2.58,,2.55,8.95,-,,36.43
FINANCE - LEASING & HIRE PURCHASE,1118.60,,SUNDARMFIN,1356.85,,1350.70,1603.95,,,
PRINTING & STATIONERY,1.65,-,SUNDARAM,4.25,,4.30,5.40,-,3.79,19.41
STEEL - ROLLING,18.00,6.06,SUNFLAG,36.10,,36.25,37.40,11.72,27.72,11.83
FASTENERS,135.00,-,SUNDRMFAST,298.50,,299.70,329.00,-,44.26,49.07
AUTO ANCILLARIES,211.15,-,SUNDRMBRAK,515.90,,514.05,569.00,-,,49.65
MEDIA & ENTERTAINMENT,314.05,-,SUNTV,523.75,,523.90,,-,89.48,41.34
PHARMACEUTICALS,704.00,24.47,SUNPHARMA,764.30,,764.30,933.95,28.28,130.48,29.05
POWER - TRANSMISSION & EQUIPMENT,151.30,-,SUNILHITEC,288.25,,290.10,344.95,-,246.52,32.96
AUTO ANCILLARIES,120.00,30.45,SUPRAJIT,216.80,,217.90,238.00,36.62,34.08,48.01
PLASTICS,520.00,26.61,SUPREMEIND,924.00,,922.85,1025.00,34.88,103.54,37.15
CONSTRUCTION & CONTRACTING - REAL ESTATE,172.00,7.33,SUNTECK,257.00,,256.05,275.00,7.40,259.65,26.47
MISCELLANEOUS,15.00,-,SURANASOL,22.85,,22.85,39.75,-,,50.69
TEXTILES - SPINNING - COTTON BLENDED,2.95,-,SUPREMETEX,6.96,,7.10,13.05,-,,12.93
CONSTRUCTION & CONTRACTING - CIVIL,65.10,-,SUPREMEINF,94.80,,94.70,164.50,-,269.88,26.47
CABLES - TELEPHONE,4.00,-,SURANAT&P,5.35,,5.35,8.90,-,5.67,22.28
TEXTILES - SPINNING - COTTON BLENDED,6.25,-,SUPERSPIN,14.20,,14.60,15.20,-,9.20,12.93
PHARMACEUTICALS,144.30,-,SUVEN,199.85,,199.95,308.70,-,,29.05
TEXTILES - GENERAL,406.20,-,SUTLEJTEX,774.10,,772.60,,-,,23.40
POWER - GENERATION & DISTRIBUTION,12.80,-,SUZLON,14.98,,15.00,25.25,-,-17.63,25.50
PETROCHEMICALS,96.00,-,SUPPETRO,236.45,,237.60,,-,,23.47
TEXTILES - SPINNING - COTTON BLENDED,87.90,-,SURYALAXMI,136.60,,136.10,165.50,-,123.70,12.93
TEXTILES - SPINNING - COTTON BLENDED,6.25,-,SURYAJYOTI,5.70,,7.55,15.70,-,,12.93
PHARMACEUTICALS,5.65,-,SYNCOM,7.40,,7.40,15.45,-,48.66,29.05
TRADING,57.30,-,SWANENERGY,87.80,,87.90,,-,19.44,23.40
MISCELLANEOUS,322.20,-,SYNGENE,484.00,,485.10,523.90,-,,23.62
BANKS - PUBLIC SECTOR,49.40,-,SYNDIBANK,76.60,,76.70,97.80,-,169.41,16.46
CONSUMER GOODS - WHITE GOODS,912.73,-,SYMPHONY,1175.00,,1174.20,1314.90,-,45.55,49.94
HOTELS,64.10,-,TAJGVK,125.05,,126.20,158.40,-,,48.66
AUTO ANCILLARIES,81.95,8.41,TALBROAUTO,142.50,,142.85,162.10,16.69,106.30,49.07
PLASTICS,28.50,-,TAINWALCHM,46.00,,46.50,70.00,-,,11.47
COMPUTERS - SOFTWARE MEDIUM & SMALL,24.70,5.52,TANLA,35.75,,35.60,52.65,28.37,63.91,18.27
ENGINES,763.15,-,SWARAJENG,1332.85,,1333.35,,-,,30.15
PLANTATIONS - TEA & COFFEE,81.30,10.81,TATACOFFEE,125.65,,125.25,135.70,14.99,48.43,21.07
MISCELLANEOUS,181.00,8.06,TALWALKARS,279.60,,278.30,303.00,14.84,143.75,23.62
CHEMICALS,309.60,9.96,TATACHEM,536.40,,535.95,576.00,15.07,246.84,16.38
CONSTRUCTION & CONTRACTING - CIVIL,20.00,-,TARMAT,42.50,,42.80,50.50,-,,26.47
TELECOMMUNICATIONS - SERVICE,325.00,7.67,TATACOMM,575.65,,574.70,,-,-14.67,16.91
COMPUTERS - SOFTWARE,1368.00,34.53,TATAELXSI,1414.55,,1411.75,2403.00,43.18,91.02,18.27
CONSTRUCTION & CONTRACTING - CIVIL,14.30,-,TANTIACONS,16.85,,16.70,29.80,-,112.81,26.47
COMPUTERS - SOFTWARE MEDIUM & SMALL,121.50,12.70,TAKE,177.15,,177.50,209.80,21.16,47.48,18.27
POWER - TRANSMISSION & EQUIPMENT,4.50,-,TARAPUR,4.78,,4.90,9.10,-,,16.24
ELECTRIC EQUIPMENT,311.30,,SWELECTES,350.50,,350.60,518.00,,,
PLANTATIONS - TEA & COFFEE,100.00,17.70,TATAGLOBAL,141.95,,141.80,149.80,24.69,89.96,21.07
AUTO - LCVS & HCVS,265.80,6.78,TATAMOTORS,549.35,,549.95,598.40,17.74,237.83,117.53
STEEL - PIG IRON,77.60,6.39,TATAMETALI,413.35,,413.40,512.70,8.00,36.79,12.60
POWER - GENERATION & DISTRIBUTION,55.00,6.80,TATAPOWER,77.50,,77.45,80.35,29.81,54.60,12.82
FINANCE - INVESTMENTS,450.65,-,TATAINVEST,611.55,,612.05,690.00,-,419.62,30.29
STEEL - LARGE,211.15,-,TATASTEEL,390.10,,391.15,408.60,-,293.24,8.27
AUTO - LCVS & HCVS,210.10,4.31,TATAMTRDVR,349.40,,349.05,378.15,-,237.83,117.53
TRANSPORT & LOGISTICS,176.00,-,TCI,187.00,,186.15,388.00,-,89.86,30.37
DIAMOND CUTTING & JEWELLERY & PRECIOUS METALS,47.50,-,TBZ,68.30,,68.35,144.40,-,65.35,25.22
STEEL - SPONGE IRON,337.90,-,TATASPONGE,591.65,,592.25,685.00,-,524.36,21.13
FINANCE - INVESTMENTS,18.20,-,TCIFINANCE,22.70,,22.60,38.80,-,31.10,30.29
COMPUTERS - SOFTWARE,2115.00,17.67,TCS,2401.10,,2405.15,2770.00,19.05,331.71,18.27
ENGINEERING - HEAVY,176.60,27.83,TDPOWERSYS,185.10,,186.35,330.00,-,142.39,36.31
CONSTRUCTION & CONTRACTING - REAL ESTATE,262.15,29.31,TCIDEVELOP,347.00,,351.90,411.00,43.59,160.65,26.47
MISCELLANEOUS,806.65,-,TEAMLEASE,1065.05,,1074.35,1209.45,-,,23.62
COMPUTERS - SOFTWARE,407.40,10.45,TECHM,428.50,,428.70,578.85,12.93,147.83,18.27
INFRASTRUCTURE - GENERAL,27.55,-,TEXINFRA,40.80,,41.00,44.90,-,40.87,26.47
ENGINEERING,136.05,-,TECHNOFAB,197.90,,198.00,247.00,-,220.73,32.96
ELECTRIC EQUIPMENT,210.00,17.39,TECHNO,305.00,,306.40,361.50,23.09,88.85,25.50
FINANCE - TERM LENDING INSTITUTIONS,34.75,-,TFCILTD,61.60,,61.55,69.20,-,,5.08
FINANCE - GENERAL,5.35,107.50,TFL,8.60,,8.60,16.25,-,22.46,30.29
MISCELLANEOUS,165.00,147.17,THOMASCOOK,203.10,,202.65,228.90,-,29.04,54.27
STEEL - MEDIUM & SMALL,176.05,-,TIIL,363.00,,360.90,377.85,-,212.22,8.27
ENGINEERING - HEAVY,214.95,-,TIL,232.80,,231.65,552.00,-,279.95,28.61
LUBRICANTS,4181.00,-,TIDEWATER,5632.05,,5634.60,8321.43,-,1534.44,38.41
PACKAGING,40.20,8.71,TIMETECHNO,99.75,,100.10,107.95,14.78,54.43,20.73
METALS - NON FERROUS,56.25,-,TINPLATE,83.90,,83.90,107.70,-,,15.81
CHEMICALS,129.80,12.62,TIRUMALCHM,643.65,,644.30,,19.79,213.63,13.08
FINANCE - LEASING & HIRE PURCHASE,17.00,-,TIMESGTY,23.25,,22.00,28.00,-,,30.29
INFRASTRUCTURE - GENERAL,690.00,-,THERMAX,882.60,,889.65,972.00,-,197.65,24.53
PAPER,181.20,,TNPL,349.60,,349.85,,,,
MISCELLANEOUS,301.70,-,TITAN,406.50,,406.55,444.50,-,39.31,51.10
MEDIA & ENTERTAINMENT,41.30,-,TIPSINDLTD,63.00,,62.50,83.50,-,,41.34
PLASTICS,156.00,-,TPLPLASTEH,443.95,,444.50,560.00,-,,37.15
POWER - GENERATION & DISTRIBUTION,159.80,5.36,TORNTPOWER,179.80,,179.70,252.70,11.77,156.78,12.82
PHARMACEUTICALS,1189.00,14.81,TORNTPHARM,1639.00,,1642.05,1769.50,17.05,200.27,29.05
RETAIL,128.90,-,TRENT,222.55,,222.55,249.80,-,43.27,49.33
CABLES - TELEPHONE,2.50,-,TNTELE,3.00,,2.85,3.50,-,,22.28
PLASTICS,24.75,-,TOKYOPLAST,63.60,,63.60,93.70,-,48.25,49.94
POWER - TRANSMISSION & EQUIPMENT,165.05,-,TRIL,320.30,,320.40,388.25,-,246.47,17.16
TEXTILES - SPINNING - COTTON BLENDED,37.15,4.60,TRIDENT,52.45,,52.40,62.00,-,33.74,12.93
COMPUTERS - SOFTWARE MEDIUM & SMALL,1.15,-,TRICOM,1.49,,1.50,3.45,-,5.68,18.27
ENGINEERING - HEAVY,210.90,-,TRF,279.70,,279.75,468.90,-,-45.37,25.50
ENGINEERING - HEAVY,88.75,-,TRITURBINE,126.50,,125.85,135.70,-,8.87,36.31
COMPUTERS - SOFTWARE MEDIUM & SMALL,38.10,7.63,TRIGYN,100.25,,100.05,140.60,7.74,96.28,18.27
MISCELLANEOUS,351.10,9.45,TUBEINVEST,605.90,,605.90,,10.93,177.41,15.24
TELECOMMUNICATIONS - SERVICE,5.40,-,TTML,5.77,,5.80,9.40,-,-2.86,16.91
DOMESTIC APPLIANCES,3582.00,-,TTKPRESTIG,5405.60,,5420.05,5540.00,-,,49.94
TEXTILES - HOSIERY & KNITWEAR,38.65,-,TTL,46.50,,46.20,60.00,-,,19.25
PHARMACEUTICALS,805.50,-,TTKHLTCARE,1008.00,,992.35,1124.00,-,,29.05
SUGAR,25.20,8.07,TRIVENI,58.40,,58.45,67.95,11.70,25.15,25.72
COMPUTERS - HARDWARE,77.00,-,TVSELECT,99.95,,100.15,160.45,-,27.46,21.37
MEDIA & ENTERTAINMENT,30.75,34.89,TV18BRDCST,46.40,,46.45,48.90,44.62,21.28,41.34
MEDIA & ENTERTAINMENT,229.80,-,TVTODAY,310.00,,309.65,350.00,-,89.15,41.34
TYRES,1946.00,-,TVSSRICHAK,3865.70,,3863.00,4248.00,-,538.25,11.67
INFRASTRUCTURE - GENERAL,84.00,74.39,TWL,116.80,,116.95,166.35,-,59.96,25.50
TRADING,17.70,-,UBHOLDINGS,46.35,,46.50,48.30,-,-95.91,28.61
BREWERIES & DISTILLERIES,690.00,-,UBL,961.55,,962.30,1014.95,-,79.76,42.57
AUTO ANCILLARIES,87.05,-,UCALFUEL,169.15,,169.20,186.00,-,30.19,49.07
BANKS - PUBLIC SECTOR,27.40,-,UCOBANK,37.65,,37.60,55.35,-,,16.46
PACKAGING,132.50,3.74,UFLEX,315.15,,314.85,,7.05,463.04,20.73
SUGAR,8.45,-,UGARSUGAR,45.00,,44.95,73.20,-,,25.72
FINANCE - GENERAL,210.00,-,UJJIVAN,477.90,,478.70,547.50,-,,30.29
MEDIA & ENTERTAINMENT,381.00,-,UFO,466.45,,468.70,623.75,-,,41.34
PHARMACEUTICALS,188.50,-,UNICHEMLAB,286.65,,285.95,334.10,-,105.08,29.05
POWER - TRANSMISSION & EQUIPMENT,15.30,-,UJAAS,23.45,,23.50,31.80,-,,16.24
MISCELLANEOUS,108.00,-,UNIPLY,264.30,,266.70,321.90,-,16.50,31.71
BANKS - PUBLIC SECTOR,104.00,-,UNIONBANK,151.85,,152.20,188.60,-,297.73,16.46
CONSTRUCTION & CONTRACTING - CIVIL,3.45,-,UNITECH,6.09,,6.10,9.05,-,38.46,26.47
CEMENT - MAJOR,2579.00,28.07,ULTRACEMCO,3931.25,,3953.20,4129.70,43.58,767.31,55.34
STEEL - MEDIUM & SMALL,6.70,-,USHAMART,13.00,,13.00,18.45,-,42.60,7.30
STEEL - CR & HR STRIPS,0.40,-,UVSL,0.48,,0.45,0.92,-,,20.82
SUGAR,35.60,-,UPERGANGES,392.70,,393.25,532.00,-,35.31,25.72
STEEL - GP & GC SHEETS,22.50,-,UTTAMSTL,30.70,,30.80,40.70,-,-12.73,13.99
MISCELLANEOUS,234.00,16.22,VAIBHAVGBL,323.00,,316.95,620.00,25.55,112.94,25.22
COMPUTERS - SOFTWARE MEDIUM & SMALL,104.75,20.80,VAKRANGEE,233.95,,234.05,241.00,28.71,28.74,18.27
TRADING,41.50,-,V2RETAIL,125.55,,125.55,,-,110.45,49.33
FINANCE - GENERAL,227.60,-,UTISENSETF,288.00,,283.50,300.00,-,,-
FINANCE - GENERAL,688.50,-,UTINIFTETF,,,888.75,909.70,-,,-
CHEMICALS,367.25,17.78,UPL,676.30,,676.50,710.70,24.04,134.27,40.05
TEXTILES - MANMADE,25.05,-,VARDHACRLC,,,44.80,48.10,-,,12.36
FOOD PROCESSING,398.00,-,VADILALIND,593.25,,589.30,764.80,-,92.94,60.29
CONSTRUCTION & CONTRACTING - CIVIL,23.30,-,VALECHAENG,26.75,,26.55,61.90,-,98.16,26.47
CONSUMER GOODS - WHITE GOODS,9.75,-,VALUEIND,12.10,,11.95,18.95,-,,49.94
CONSTRUCTION & CONTRACTING - REAL ESTATE,20.55,20.41,VASCONEQ,34.70,,34.65,41.25,91.32,39.17,26.47
MINING & MINERALS,58.15,-,VEDL,187.15,,187.00,,-,132.48,12.32
PHARMACEUTICALS,65.20,-,VENUSREM,129.20,,129.70,146.50,-,382.47,29.05
STEEL - SPONGE IRON,2.25,-,VASWANI,8.35,,8.35,9.80,-,,21.13
MISCELLANEOUS,220.00,-,VENKEYS,529.65,,527.15,577.00,-,,25.30
TEXTILES - SPINNING - COTTON BLENDED,32.90,-,VARDMNPOLY,56.30,,56.25,61.50,-,-13.30,12.93
ELECTRIC EQUIPMENT,72.60,-,VETO,140.55,,140.80,147.70,-,32.44,19.55
TEXTILES - SPINNING - SYNTHETIC BLENDED,807.70,-,VHL,2080.00,,2053.10,,-,,30.29
BANKS - PUBLIC SECTOR,28.20,-,VIJAYABANK,41.45,,41.60,45.90,-,,16.46
DYES & PIGMENTS,49.45,-,VIDHIDYE,59.20,,59.35,74.20,-,,26.09
CONSUMER GOODS - ELECTRONIC,98.75,-,VIDEOIND,103.85,,104.25,143.00,-,241.88,2.87
MISCELLANEOUS,78.00,-,VGUARD,184.25,,184.30,197.70,-,,50.69
HOTELS,13.15,4.20,VICEROY,22.15,,22.00,25.30,10.50,38.24,48.66
FINANCE - INVESTMENTS,11.00,54.04,VIKASECO,14.59,,14.55,25.40,112.23,2.40,20.21
FINANCE - GENERAL,79.00,-,VIJIFIN,134.00,,132.55,138.90,-,,30.29
CONSTRUCTION & CONTRACTING - HOUSING,7.75,-,VIJSHAN,11.10,,11.15,14.45,-,,26.47
MISCELLANEOUS,59.25,-,VIMTALABS,103.15,,103.75,114.80,-,,23.62
CHEMICALS,360.95,-,VINATIORGA,642.45,,641.05,,-,,21.83
STEEL - LARGE,12.30,-,VISASTEEL,15.59,,15.40,21.20,-,-74.57,8.27
PLASTICS,80.55,-,VIPIND,141.15,,141.20,,-,24.01,37.15
CHEMICALS,40.00,-,VINYLINDIA,65.50,,65.75,81.15,-,,33.24
COMPUTERS - SOFTWARE MEDIUM & SMALL,0.05,-,VISESHINFO,0.11,,0.15,0.20,-,1.18,18.27
POWER - TRANSMISSION & EQUIPMENT,649.55,-,VOLTAMP,789.00,,789.05,962.00,-,,17.16
FINANCE - LEASING & HIRE PURCHASE,28.25,-,VLSFINANCE,72.45,,72.60,86.40,-,62.72,30.29
TEXTILES - SPINNING - COTTON BLENDED,680.00,6.72,VTL,1070.00,,1070.65,1120.00,11.14,604.48,12.93
AUTO - TRACTORS,1279.85,-,VSTTILLERS,1940.05,,1952.55,2043.00,-,,40.62
FINANCE - INVESTMENTS,1.95,-,VIVIDHA,2.34,,2.30,73.43,-,,36.43
RETAIL,425.00,-,VMART,517.00,,516.30,684.90,-,,169.13
PHARMACEUTICALS,63.81,6.38,VIVIMEDLAB,117.15,,117.40,,10.87,61.01,29.05
CHEMICALS,158.05,-,VISHNU,301.10,,302.45,472.00,-,,17.50
CIGARETTES,1465.05,,VSTIND,2299.15,,2285.15,2525.00,,,
DIVERSIFIED,211.00,28.48,VOLTAS,396.40,,397.15,401.80,30.31,72.39,16.44
TRANSPORT & LOGISTICS,251.80,-,VRLLOG,310.50,,309.80,450.00,-,,45.95
ENGINEERING,,-,VKSPL,0.09,,0.10,0.20,-,,32.96
INFRASTRUCTURE - GENERAL,408.80,23.99,WABAG,562.00,,562.80,769.60,28.57,181.89,24.53
AUTO ANCILLARIES,5165.60,-,WABCOINDIA,6172.40,,6166.30,7398.70,-,,49.65
STEEL - MEDIUM & SMALL,31.10,-,VSSL,77.70,,76.80,87.50,-,,67.40
ENGINEERING - HEAVY,116.00,-,WALCHANNAG,166.45,,166.10,190.00,-,,25.50
PHARMACEUTICALS,37.00,-,WANBURY,49.45,,50.40,93.30,-,-112.21,29.05
MISCELLANEOUS,17.70,-,WEBELSOLAR,42.20,,42.30,62.55,-,,50.69
STEEL - TUBES & PIPES,69.10,2.91,WELCORP,72.05,,72.15,122.95,9.48,115.54,11.75
CONSTRUCTION & CONTRACTING - CIVIL,42.50,33.38,WELENT,65.10,,64.90,72.50,-,86.54,26.47
TEXTILES - PROCESSING,14.10,-,WEIZMANIND,28.60,,28.45,39.00,-,32.02,13.29
FINANCE - INVESTMENTS,151.10,-,WEIZFOREX,159.00,,158.75,235.00,-,77.73,30.29
TEXTILES - WEAVING,46.05,5.05,WELSPUNIND,56.10,,55.90,119.90,7.60,19.78,9.16
FINANCE - INVESTMENTS,37.10,-,WELINV,80.00,,78.85,84.90,-,,30.29
ABRASIVES,1626.00,20.76,WENDT,2019.00,,1965.00,2178.35,37.56,515.82,38.41
ENGINEERING - HEAVY,22.40,-,WINDMACHIN,35.45,,35.10,54.95,-,,25.50
AUTO ANCILLARIES,763.50,-,WHEELS,1291.25,,1295.25,1419.00,-,,24.77
CONSUMER GOODS - WHITE GOODS,555.55,-,WHIRLPOOL,1058.10,,1066.05,1089.65,-,,49.94
FINANCE - INVESTMENTS,50.00,-,WILLAMAGOR,58.05,,60.00,89.50,-,139.36,30.29
COMPUTERS - SOFTWARE,470.00,11.57,WIPRO,481.50,,481.80,610.00,13.36,183.81,18.27
PHARMACEUTICALS,705.75,31.87,WOCKPHARMA,920.80,,920.40,1745.00,57.55,323.29,29.05
PAPER,52.75,-,WSTCSTPAPR,121.25,,121.15,,-,,16.87
MISCELLANEOUS,284.00,-,WONDERLA,393.25,,393.50,429.85,-,,54.27
ELECTRIC EQUIPMENT,6.55,-,WSI,10.20,,10.45,15.30,-,-76.65,50.69
TEXTILES - SPINNING - COTTON BLENDED,0.55,0.77,WINSOME,1.88,,1.85,2.70,-,-20.78,12.93
BANKS - PRIVATE SECTOR,631.55,-,YESBANK,1283.40,,1284.05,1449.00,-,326.41,22.60
ELECTRICALS,36.70,-,ZICOM,43.60,,43.85,143.90,-,158.99,22.18
PACKAGING,37.70,-,XPROINDIA,53.00,,51.75,66.15,-,70.07,20.73
MEDIA & ENTERTAINMENT,350.10,49.93,ZEEL,563.75,,563.30,589.90,54.15,43.88,41.34
MEDIA & ENTERTAINMENT,17.00,26.84,ZEEMEDIA,27.65,,27.55,31.25,"2,765.00",9.32,41.34
COMPUTERS - SOFTWARE MEDIUM & SMALL,28.25,-,XCHANGING,56.85,,56.45,106.45,-,29.89,18.27
TEXTILES - READYMADE APPARELS,186.95,121.60,ZODIACLOTH,197.00,,197.45,290.00,-,134.39,36.43
FERTILISERS,117.15,-,ZUARI,193.00,,192.05,209.15,-,217.53,14.09
VANASPATI & OILS,632.25,30.94,ZYDUSWELL,890.55,,887.95,920.90,32.95,122.12,52.07
COMPUTERS - SOFTWARE,803.00,12.63,ZENSARTECH,1001.80,,1002.85,1136.00,14.48,318.65,18.27
TEXTILES - SYNTHETIC & SILK,36.70,-,ZENITHEXPO,50.00,,50.00,65.90,-,,15.56
COMPUTERS - SOFTWARE MEDIUM & SMALL,58.35,-,ZENTEC,80.05,,80.65,134.45,-,14.56,18.27
DIAMOND CUTTING & JEWELLERY & PRECIOUS METALS,30.50,-,ZODJRDMKJ,37.50,,37.55,52.00,-,,25.22
FERTILISERS,79.10,-,ZUARIGLOB,97.15,,96.70,136.00,-,238.09,14.09
